date,pm2_5,pm10,co,no,no2,nh3,o3,so2,Station
2022-01-01,374.47541666666666,433.8404166666666,4016.5595833333336,48.595,78.14208333333333,19.192083333333333,32.83416666666667,44.42583333333334,Delhi
2022-01-02,391.4270833333333,449.1720833333333,3776.2325,34.384166666666665,78.485,18.45833333333333,33.30125,43.29333333333333,Delhi
2022-01-03,387.9691666666667,452.85791666666665,4036.585,50.95875,73.61541666666666,20.620416666666667,26.1675,49.06458333333333,Delhi
2022-01-04,607.5337499999999,735.0883333333333,7185.300416666666,123.02458333333334,98.5625,42.39958333333333,20.344166666666663,83.44708333333334,Delhi
2022-01-05,478.6891666666667,524.36125,4507.78,68.05083333333333,81.95333333333333,12.152083333333332,20.92125,78.14208333333333,Delhi
2022-01-06,224.8933333333333,258.68625000000003,2645.5325,34.91916666666666,61.99125,15.550416666666663,24.11958333333333,48.52791666666667,Delhi
2022-01-07,111.27291666666667,120.56791666666668,1202.4641666666666,2.087916666666666,36.18625,7.24125,34.00083333333333,31.85833333333333,Delhi
2022-01-08,79.9375,88.92583333333333,1147.3895833333331,5.822083333333333,38.235416666666666,5.184166666666667,21.640416666666667,37.33208333333334,Delhi
2022-01-09,108.33625,132.42583333333332,1742.3637500000002,19.41958333333333,39.31458333333333,9.51,4.399166666666667,42.41875,Delhi
2022-01-10,268.26166666666666,331.9533333333333,3702.800416666667,58.62041666666666,58.03541666666666,18.991666666666667,18.40625,48.24,Delhi
2022-01-11,195.68416666666667,232.55291666666665,2345.959166666667,18.235,58.77791666666667,14.461666666666666,32.555416666666666,40.36208333333334,Delhi
2022-01-12,353.03208333333333,421.7770833333333,4112.800833333334,66.94666666666667,72.60083333333334,19.88875,22.836250000000003,54.43,Delhi
2022-01-13,561.3908333333333,672.8591666666667,7899.046666666666,183.7795833333333,138.96166666666667,96.19625,17.537916666666668,157.57500000000002,Delhi
2022-01-14,481.7341666666666,559.1416666666667,5624.294583333333,103.91625,94.04875,23.58875,13.757916666666668,70.25458333333334,Delhi
2022-01-15,318.65291666666667,363.65375,3132.0245833333333,27.18125,66.4325,13.058750000000002,27.4125,40.89833333333333,Delhi
2022-01-16,446.3758333333333,501.89208333333335,4375.934166666667,58.35041666666667,75.38541666666667,24.10291666666667,28.041666666666668,56.653333333333336,Delhi
2022-01-17,664.495,771.0454166666667,7555.802916666666,161.8525,104.11791666666666,62.165,2.815,123.95833333333331,Delhi
2022-01-18,347.06333333333333,388.845,3069.7183333333337,27.36875,68.85833333333333,13.291666666666666,19.2525,45.16,Delhi
2022-01-19,553.3904166666667,633.4554166666667,5840.142916666667,88.745,98.62125,25.984166666666667,15.229583333333332,76.13458333333334,Delhi
2022-01-20,749.66,849.5170833333333,9429.45375,230.595,92.28,49.05458333333333,4.805833333333333,118.87125,Delhi
2022-01-21,579.1058333333334,629.5658333333333,6606.182083333333,142.22166666666666,87.95291666666667,19.345,30.35833333333333,78.40958333333333,Delhi
2022-01-22,122.50333333333332,126.9125,892.32125,0.26,25.36958333333333,3.9125,70.735,29.445,Delhi
2022-01-23,145.54,154.04,1241.68,0.09,33.93,4.88,26.46,32.42,Delhi
2022-01-24,208.12478260869565,264.75347826086954,3280.3908695652176,58.16347826086957,48.96521739130435,17.157826086956522,14.866521739130436,44.63608695652174,Delhi
2022-01-25,172.94958333333332,209.28666666666663,2359.8675,23.074583333333333,53.07333333333333,13.67375,20.9525,38.0475,Delhi
2022-01-26,193.11041666666665,227.38541666666663,2191.3054166666666,16.21708333333333,50.60874999999999,11.777083333333332,33.33583333333333,40.42083333333333,Delhi
2022-01-27,115.39416666666666,138.78,1455.8637500000002,6.932916666666666,43.41875,13.239583333333334,54.86375,34.869166666666665,Delhi
2022-01-28,116.4225,144.82458333333332,1562.9525,7.705416666666667,52.680416666666666,11.958333333333334,38.55625,34.877916666666664,Delhi
2022-01-29,130.86666666666667,162.54,1733.7408333333333,12.487083333333333,51.23791666666667,12.190833333333332,37.95875,34.3825,Delhi
2022-01-30,139.24583333333334,164.59625,1334.5879166666666,4.6425,37.834583333333335,9.469583333333334,54.33583333333333,32.524166666666666,Delhi
2022-01-31,693.8933333333333,834.5545833333334,8577.187916666668,177.37958333333336,154.64125,85.15791666666667,18.417916666666667,183.39375,Delhi
2022-02-01,591.3128,665.6708,4724.2744,61.8492,78.1824,23.0204,54.3376,83.01719999999999,Delhi
2022-02-02,304.31083333333333,374.97791666666666,3093.083333333333,46.89416666666667,64.93291666666667,19.305416666666662,58.57583333333333,56.51499999999999,Delhi
2022-02-03,160.23708333333337,172.63041666666666,1352.9466666666667,0.6779166666666666,45.047083333333326,6.266249999999999,52.748333333333335,45.875416666666666,Delhi
2022-02-04,164.03,211.94875,2436.639166666667,36.845416666666665,50.03083333333333,13.72,19.52208333333333,50.55416666666667,Delhi
2022-02-05,440.6283333333333,526.2687500000001,5508.582083333334,89.27666666666666,93.07958333333332,25.202916666666667,18.3475,79.61166666666666,Delhi
2022-02-06,426.69458333333336,501.2708333333333,4834.333750000001,58.35708333333333,98.87666666666668,23.41333333333333,50.74208333333333,61.82958333333334,Delhi
2022-02-07,454.53625,557.78875,6136.099166666667,115.77083333333331,81.55541666666666,32.885,30.10875,63.73708333333334,Delhi
2022-02-08,580.7475000000001,691.1424999999999,6427.605833333334,117.905,110.47333333333334,23.859583333333333,11.210416666666667,131.16916666666663,Delhi
2022-02-09,428.5325,504.0054166666667,4318.635416666667,55.40958333333333,73.315,16.685416666666665,26.797083333333333,77.80375,Delhi
2022-02-10,328.45,371.92375,3401.557083333333,54.298750000000005,45.62583333333333,23.24,71.07791666666667,52.46125,Delhi
2022-02-11,144.4675,170.82125,1396.8941666666667,2.4791666666666665,40.04208333333333,16.754166666666666,81.25541666666666,38.09708333333334,Delhi
2022-02-12,267.63916666666665,328.80916666666667,3193.498333333333,49.88541666666666,46.09708333333333,21.9525,49.17083333333333,44.55458333333333,Delhi
2022-02-13,523.1508333333334,642.5883333333333,6274.619583333333,97.52625,123.9525,77.2725,31.7325,118.85208333333333,Delhi
2022-02-14,754.9491666666667,906.56875,8799.43375,156.06833333333333,119.32625,58.828333333333326,29.04833333333333,102.73833333333332,Delhi
2022-02-15,775.2191666666666,908.3008333333332,7915.735000000001,117.79333333333334,122.71041666666667,34.92583333333334,42.92625,80.42666666666666,Delhi
2022-02-16,363.3845833333333,447.49458333333337,4263.004166666667,67.345,73.42916666666666,26.11916666666667,40.68125,60.458333333333336,Delhi
2022-02-17,383.26666666666665,474.26625,4767.577083333334,66.70041666666667,83.55458333333333,40.76708333333333,34.86208333333334,75.91625,Delhi
2022-02-18,323.61333333333334,401.0020833333333,4116.1375,50.671666666666674,92.27958333333332,30.968333333333334,35.55875,75.86708333333333,Delhi
2022-02-19,145.76708333333332,176.69833333333335,1663.3670833333333,11.809583333333334,37.443333333333335,16.724999999999998,68.87166666666667,34.71958333333333,Delhi
2022-02-20,118.38,131.11,934.6,0.0,20.39,7.09,67.95,25.51,Delhi
2022-02-21,391.7826086956522,472.3330434782609,5454.354347826086,94.63391304347826,100.46304347826089,48.41652173913043,34.13,83.68478260869566,Delhi
2022-02-22,144.33375,164.28916666666666,1184.94,3.397083333333333,33.21583333333333,16.139583333333334,114.30833333333334,44.86291666666667,Delhi
2022-02-23,402.43208333333337,479.33166666666665,4135.608333333334,49.23041666666666,76.35708333333334,30.89,58.41041666666667,70.29333333333334,Delhi
2022-02-24,414.2575,501.89625,4171.212500000001,50.912083333333335,91.36541666666666,25.3425,29.71375,88.95,Delhi
2022-02-25,256.03625,312.53416666666664,3054.977083333333,43.1225,67.96708333333333,22.00125,71.88791666666667,85.82125,Delhi
2022-02-26,39.3275,50.630833333333335,757.4170833333334,1.6762500000000002,30.916666666666668,10.934166666666668,79.52708333333334,43.928333333333335,Delhi
2022-02-27,74.22375,97.62583333333332,1182.9925,3.355,39.16291666666667,17.925416666666667,69.36541666666666,42.44916666666666,Delhi
2022-02-28,120.90625,150.19416666666666,1632.4920833333333,4.492083333333333,51.0525,20.20458333333333,61.29958333333334,45.72666666666667,Delhi
2022-03-01,255.1164,314.9808,3281.7836,28.2316,73.2612,26.4672,58.4412,56.2088,Delhi
2022-03-02,419.7695833333333,517.8254166666667,6101.051666666666,77.68041666666666,116.19875,45.67625,49.01041666666666,91.08625,Delhi
2022-03-03,386.47,481.5783333333334,4747.549583333333,56.494166666666665,109.08708333333334,25.59625,48.21291666666667,100.185,Delhi
2022-03-04,91.86375,110.08333333333331,1119.0183333333332,4.420416666666667,30.945,12.937083333333334,82.32791666666667,35.0375,Delhi
2022-03-05,80.72416666666668,96.34208333333332,1024.7216666666666,1.2425,27.450416666666666,14.332083333333332,93.98166666666668,29.335,Delhi
2022-03-06,319.4583333333333,382.1354166666667,3942.013333333334,21.311666666666664,112.3075,36.94833333333333,77.05875,64.87916666666666,Delhi
2022-03-07,593.1679166666667,718.3866666666667,6527.741666666666,71.79041666666667,137.805,44.80833333333334,52.98333333333333,102.22291666666666,Delhi
2022-03-08,233.2133333333333,290.2241666666667,2772.648333333333,17.74,66.21124999999999,27.50625,60.07916666666667,53.36625,Delhi
2022-03-09,120.18375,158.8375,1818.2995833333332,7.296666666666667,54.42958333333333,26.46125,56.25666666666667,44.53458333333333,Delhi
2022-03-10,106.38708333333334,134.6175,1333.4758333333332,1.825416666666667,40.145833333333336,21.886666666666667,81.34625,38.06666666666667,Delhi
2022-03-11,102.605,137.51666666666668,1438.0616666666667,4.755416666666666,42.67666666666667,20.775,71.92916666666666,38.40625,Delhi
2022-03-12,103.28000000000002,141.6525,1498.9766666666667,3.3504166666666664,43.44083333333333,20.55208333333333,68.37916666666666,34.18375,Delhi
2022-03-13,167.08666666666667,228.33666666666667,2347.907083333333,15.93,52.94458333333333,24.124583333333334,60.870000000000005,39.25958333333333,Delhi
2022-03-14,297.41541666666666,402.86375,4054.3879166666666,47.01083333333333,72.65166666666667,35.05833333333333,71.67416666666666,67.125,Delhi
2022-03-15,167.155,236.675,1860.3004166666667,10.2125,47.903333333333336,21.74416666666667,89.44625,43.91833333333333,Delhi
2022-03-16,155.565,208.19791666666663,1297.8720833333334,1.3770833333333334,34.54708333333333,20.24083333333333,102.75833333333333,38.91125,Delhi
2022-03-17,355.5525,439.84375,2982.9341666666664,13.6225,76.69958333333334,27.986666666666665,146.06708333333333,101.07958333333332,Delhi
2022-03-18,283.06041666666664,351.51,3253.023333333333,31.297083333333333,73.96499999999999,32.319583333333334,78.18541666666667,59.19791666666666,Delhi
2022-03-19,244.515,294.0725,2551.514583333333,11.624166666666666,62.60833333333333,24.984166666666667,96.51375,52.92916666666667,Delhi
2022-03-20,291.35041666666666,368.4254166666667,3117.56,15.174583333333333,65.59583333333333,32.82666666666667,90.68291666666666,60.66708333333333,Delhi
2022-03-21,213.78166666666667,277.95125,2184.3525,18.0075,47.44583333333333,27.227500000000003,107.38625,63.90625,Delhi
2022-03-22,124.96125,158.68333333333334,1106.7795833333332,1.25375,29.379166666666663,21.86,120.46125,39.407916666666665,Delhi
2022-03-23,289.5466666666667,374.2558333333333,4124.48375,46.309583333333336,86.70958333333334,45.90833333333333,65.5125,85.55250000000001,Delhi
2022-03-24,120.96166666666666,193.5225,1788.12,10.370833333333334,52.07083333333333,26.93208333333333,59.855,46.47166666666666,Delhi
2022-03-25,144.1525,198.44833333333332,1898.4083333333333,21.265,38.91125,27.381666666666664,89.21916666666668,45.24916666666667,Delhi
2022-03-26,94.36666666666667,124.34916666666668,949.6216666666668,1.6133333333333333,24.15833333333333,20.8,112.16,28.410416666666663,Delhi
2022-03-27,137.65875,202.31833333333336,1997.71,12.1175,51.06666666666666,32.43083333333333,69.94250000000001,55.153333333333336,Delhi
2022-03-28,236.86916666666664,337.2020833333333,3555.3775,32.45375,88.46666666666665,50.73875,82.89458333333333,97.6425,Delhi
2022-03-29,229.92,342.17833333333334,3621.161666666667,44.97416666666666,68.35583333333334,43.65708333333333,65.66375000000001,84.88708333333334,Delhi
2022-03-30,428.49166666666673,572.8220833333334,6277.680833333333,70.175,119.505,64.29666666666667,84.04833333333333,143.48833333333334,Delhi
2022-03-31,380.5295833333333,489.8495833333333,3715.5945833333335,12.8225,90.83708333333334,38.42,147.175,98.88416666666666,Delhi
2022-04-01,93.828,132.3524,1390.6864,2.932,44.3324,24.882,104.226,48.9344,Delhi
2022-04-02,141.44541666666666,182.8083333333333,2064.745,8.560833333333333,53.89124999999999,27.51625,122.85416666666669,55.99875,Delhi
2022-04-03,181.9195833333333,253.42208333333332,2723.415,11.88625,68.19541666666667,38.594166666666666,105.87625,73.42291666666667,Delhi
2022-04-04,108.56958333333334,153.46583333333334,1619.9758333333332,4.378333333333333,49.11000000000001,27.1,99.7125,57.81583333333333,Delhi
2022-04-05,165.67208333333335,220.65,2364.317916666667,17.246666666666666,57.63916666666666,31.949583333333333,114.43416666666668,68.2175,Delhi
2022-04-06,137.39833333333334,183.2904166666667,2052.7833333333333,14.576666666666666,53.20125,30.489166666666662,110.70166666666668,59.51500000000001,Delhi
2022-04-07,122.04041666666669,166.255,1918.9916666666668,7.74625,54.67208333333334,28.01083333333333,97.555,57.31916666666667,Delhi
2022-04-08,123.42541666666666,180.63,2141.6541666666667,16.084166666666665,60.55458333333333,27.43208333333333,100.72583333333334,64.22541666666667,Delhi
2022-04-09,112.23458333333332,166.72916666666666,1850.7045833333332,8.039583333333333,51.27708333333334,25.03833333333333,93.81416666666668,53.38541666666666,Delhi
2022-04-10,82.21333333333332,119.41875,1219.7104166666666,3.067916666666666,33.905,22.76833333333333,108.73958333333331,40.16291666666667,Delhi
2022-04-11,109.13666666666668,163.41916666666663,1908.9779166666667,5.952916666666667,60.037083333333335,28.896666666666665,84.95833333333333,58.27375,Delhi
2022-04-12,126.10916666666668,184.22875,2555.4100000000003,17.917083333333334,77.91333333333334,33.02333333333333,56.84583333333333,69.15083333333332,Delhi
2022-04-13,239.85833333333332,356.1645833333334,4190.961666666667,54.724583333333335,78.42708333333333,41.23416666666667,65.67333333333333,110.88041666666668,Delhi
2022-04-14,209.84291666666664,294.55791666666664,3248.01625,32.59166666666666,68.58458333333333,36.76833333333334,80.45541666666666,82.34416666666667,Delhi
2022-04-15,122.41625,167.86541666666668,1524.5670833333334,2.585,47.42458333333334,24.07875,116.72541666666666,58.751666666666665,Delhi
2022-04-16,121.78916666666667,162.90625,1767.9525,10.612916666666669,54.67166666666666,24.633750000000003,118.75833333333334,74.76416666666667,Delhi
2022-04-17,166.72541666666666,229.7675,2820.214166666666,20.484166666666667,68.69083333333333,31.854166666666668,93.7875,85.115,Delhi
2022-04-18,190.26416666666668,240.27875,2662.7775,22.051666666666662,66.31125,31.15375,138.08666666666667,111.69875,Delhi
2022-04-19,90.93208333333332,162.09083333333334,1273.255,2.5029166666666667,41.88333333333333,21.287916666666668,87.87541666666665,47.59333333333333,Delhi
2022-04-20,99.44916666666668,165.20375,1443.0691666666664,5.197916666666667,42.66958333333333,24.440416666666668,75.73583333333333,50.470416666666665,Delhi
2022-04-21,147.275,267.78000000000003,2280.7329166666664,19.61458333333333,59.435,30.770416666666662,39.84375,67.76083333333334,Delhi
2022-04-22,104.14833333333333,172.985,1351.2770833333334,7.868749999999999,39.709583333333335,20.98875,112.74833333333332,58.821666666666665,Delhi
2022-04-23,76.36958333333332,121.97,1136.2625,7.005416666666666,30.51375,19.725,118.28625,45.18958333333333,Delhi
2022-04-24,59.375,94.57625,907.75875,1.4708333333333334,25.546666666666667,19.685,121.90625,34.04958333333334,Delhi
2022-04-25,96.49,149.89916666666667,1549.7404166666668,4.6475,46.21458333333334,24.575416666666666,100.14583333333331,55.74458333333333,Delhi
2022-04-26,128.45291666666665,199.37125,1989.9208333333331,15.0925,48.94916666666666,33.264583333333334,112.2075,69.93625,Delhi
2022-04-27,107.79333333333334,154.4358333333333,1866.1416666666669,11.78875,48.93541666666667,28.63333333333333,119.84916666666668,58.76,Delhi
2022-04-28,123.32041666666667,187.94375,2247.2145833333334,16.17833333333333,57.0825,29.98166666666667,102.08375,67.41250000000001,Delhi
2022-04-29,69.0425,111.67958333333333,1132.9254166666667,2.270833333333333,36.285833333333336,20.46875,114.15375,40.48625,Delhi
2022-04-30,76.75583333333334,122.65208333333334,1423.875,2.9091666666666662,44.02333333333333,20.93875,94.35833333333332,46.29333333333333,Delhi
2022-05-01,108.5124,129.6308,1032.8672,0.6524,28.3512,20.3584,153.0224,48.5036,Delhi
2022-05-02,76.0275,93.18291666666666,834.4641666666666,0.7970833333333333,28.488333333333333,16.656666666666666,140.63750000000002,56.52458333333333,Delhi
2022-05-03,127.56791666666668,167.20833333333334,1240.0141666666666,1.2358333333333331,39.61375,22.34083333333333,184.9233333333333,77.92333333333333,Delhi
2022-05-04,159.15208333333334,208.24291666666667,1900.9120833333332,1.3220833333333333,63.861250000000005,26.672916666666666,142.37,80.76416666666667,Delhi
2022-05-05,198.30375,284.7416666666667,2533.4366666666665,17.68,65.04,28.36375,114.74833333333332,93.30166666666666,Delhi
2022-05-06,145.23041666666668,215.17625,2172.1129166666665,11.030833333333334,57.72541666666666,27.75958333333333,114.08833333333332,76.51208333333334,Delhi
2022-05-07,156.45291666666665,225.80916666666667,2460.2816666666668,14.545416666666666,57.625,31.23375,97.69416666666666,70.68041666666666,Delhi
2022-05-08,84.3275,112.71958333333332,972.1516666666666,0.7941666666666666,25.28958333333333,19.74375,156.92458333333337,41.78333333333333,Delhi
2022-05-09,75.1475,94.20208333333332,935.4354166666668,1.028333333333333,30.30333333333333,17.84875,154.49666666666667,61.69083333333333,Delhi
2022-05-10,111.5175,141.81541666666666,1418.8695833333334,0.8829166666666667,40.87,22.02875,121.95125,55.49208333333333,Delhi
2022-05-11,115.53249999999998,141.83625,1204.6895833333333,1.6129166666666668,31.3375,20.609166666666667,168.40625,53.28583333333333,Delhi
2022-05-12,126.99791666666664,160.00208333333333,1175.482083333333,0.7420833333333333,30.11708333333333,22.34583333333333,163.73458333333335,52.92958333333333,Delhi
2022-05-13,157.23416666666665,211.41208333333336,1835.26625,5.03875,49.959583333333335,27.68625,142.89791666666667,62.66458333333333,Delhi
2022-05-14,123.12125,176.97833333333332,1776.8541666666667,11.78625,47.64291666666667,25.171666666666667,122.32708333333332,61.3825,Delhi
2022-05-15,132.58791666666667,222.38958333333332,2672.0958333333333,31.677916666666665,59.65916666666666,32.02041666666667,67.15083333333334,65.31166666666667,Delhi
2022-05-16,157.66708333333335,301.1691666666666,1429.57625,0.4979166666666666,41.899166666666666,21.567916666666665,95.1025,46.39208333333334,Delhi
2022-05-17,205.30625,293.4841666666667,1709.5404166666667,6.0875,49.567083333333336,24.905833333333334,140.99208333333334,88.89041666666667,Delhi
2022-05-18,153.96458333333334,285.0708333333333,1602.450833333333,4.360833333333333,54.14333333333334,25.327916666666667,126.64875,71.83291666666666,Delhi
2022-05-19,156.88500000000002,297.4741666666667,1757.1049999999998,1.635,53.46541666666667,27.859583333333333,117.0025,65.37583333333333,Delhi
2022-05-20,147.45208333333332,264.63208333333336,1511.3558333333333,2.067916666666666,47.29624999999999,24.32583333333333,126.02,58.22416666666667,Delhi
2022-05-21,163.64166666666668,300.9316666666667,2203.68375,22.13583333333333,48.40958333333333,27.459166666666665,76.3575,53.95708333333334,Delhi
2022-05-22,120.66875,194.91458333333333,1021.6633333333332,2.89125,28.314166666666665,17.361250000000002,155.33,47.33708333333333,Delhi
2022-05-23,73.12458333333333,85.52625,919.0254166666668,1.2075,29.766666666666666,10.094583333333333,102.60958333333332,47.26541666666666,Delhi
2022-05-24,102.96166666666666,145.41625,1334.86625,1.680416666666667,42.72666666666667,14.030833333333334,107.38583333333332,53.743750000000006,Delhi
2022-05-25,256.00625,335.22125,3256.638333333334,17.822083333333335,77.25666666666667,26.83,124.74208333333333,91.96958333333332,Delhi
2022-05-26,282.05375,354.12583333333333,3608.227083333333,23.16125,79.84791666666668,34.40958333333334,142.13583333333332,85.15458333333333,Delhi
2022-05-27,104.57083333333333,193.21666666666667,1254.2012499999998,3.6441666666666666,38.35583333333333,19.669166666666666,98.23083333333334,38.77333333333333,Delhi
2022-05-28,101.09875,277.0858333333333,1275.75875,5.7175,41.45208333333333,20.6775,64.82791666666667,33.70708333333334,Delhi
2022-05-29,117.28208333333332,310.09375,1050.5916666666667,1.2641666666666669,31.980416666666667,20.98875,115.20625,39.65583333333333,Delhi
2022-05-30,207.34875,441.8004166666667,3010.4720833333336,25.62333333333333,80.14166666666667,44.06125,97.96541666666668,69.56833333333334,Delhi
2022-05-31,375.22375000000005,594.4758333333333,4799.8429166666665,32.2025,114.90666666666668,49.10666666666666,117.62958333333334,103.13583333333332,Delhi
2022-06-01,178.67880000000002,333.656,2156.2576,9.346,57.958400000000005,26.1328,94.39119999999998,55.0652,Delhi
2022-06-02,180.57375,347.68625,2843.022916666667,24.97875,72.67291666666667,33.222500000000004,77.5175,74.29625,Delhi
2022-06-03,169.53416666666666,306.0470833333333,2538.7208333333333,16.59208333333333,68.27083333333333,32.16625,97.43416666666668,74.85375,Delhi
2022-06-04,161.20125,270.3379166666667,2531.7670833333336,11.763333333333334,68.77708333333334,28.20583333333333,102.46916666666668,70.09458333333333,Delhi
2022-06-05,78.16250000000001,194.67,1558.9191666666666,15.539166666666668,47.10333333333333,23.46625,80.51416666666667,39.42875,Delhi
2022-06-06,121.02666666666666,291.52958333333333,2261.3995833333333,18.85458333333333,76.02875,37.285833333333336,81.16291666666667,63.9175,Delhi
2022-06-07,83.17458333333333,264.84375,887.1754166666666,1.1991666666666667,32.58083333333333,18.74125,92.30625,32.7875,Delhi
2022-06-08,51.05875,178.72625000000002,648.9358333333333,0.7366666666666667,25.69333333333333,14.780416666666667,93.62458333333332,25.416666666666668,Delhi
2022-06-09,91.30541666666666,284.06958333333336,1333.7529166666666,9.33875,47.925,21.30125,73.66,40.30625,Delhi
2022-06-10,99.15583333333336,274.87083333333334,1571.575833333333,14.806666666666668,40.30875,23.25916666666667,69.3,45.45708333333334,Delhi
2022-06-11,62.94833333333333,218.1825,695.2483333333333,0.55875,23.394166666666667,15.17375,72.7775,24.02583333333333,Delhi
2022-06-12,51.26499999999999,160.19375,728.4883333333333,0.7087500000000001,25.102500000000003,15.4875,68.85208333333334,25.83375,Delhi
2022-06-13,30.0475,85.55291666666666,489.13625,0.5804166666666667,17.489166666666666,11.510416666666666,83.80416666666666,21.532083333333333,Delhi
2022-06-14,21.01125,49.0925,442.54375,0.5266666666666667,14.15125,10.03875,81.95666666666666,17.7475,Delhi
2022-06-15,19.14708333333333,39.367916666666666,441.29333333333335,0.6570833333333334,14.158333333333331,9.244583333333331,86.03791666666666,17.021666666666665,Delhi
2022-06-16,40.2025,68.81375,797.4708333333333,1.3445833333333337,31.424166666666665,15.432916666666666,92.715,35.803333333333335,Delhi
2022-06-17,77.38125000000001,111.47083333333336,1485.3483333333334,10.9525,51.67250000000001,18.867916666666662,61.81208333333333,52.3125,Delhi
2022-06-18,36.44,51.255,835.8558333333334,3.5279166666666666,30.866666666666664,10.08375,64.4525,35.55375,Delhi
2022-06-19,37.9075,54.8675,967.7016666666668,3.234166666666667,37.6225,11.901666666666666,39.48458333333333,31.23333333333333,Delhi
2022-06-20,78.68708333333333,108.3975,1423.04125,10.759166666666667,46.0325,17.195416666666667,79.04166666666667,44.53416666666666,Delhi
2022-06-21,162.41458333333333,200.2125,2174.06,11.857083333333334,64.41791666666667,18.81125,110.29375,66.44,Delhi
2022-06-22,145.99916666666667,183.81583333333333,1647.23375,6.435833333333334,55.465,17.533333333333335,127.77208333333334,82.83083333333333,Delhi
2022-06-23,67.24041666666666,103.15583333333332,987.72875,1.3862499999999998,30.0175,18.12375,106.22958333333332,35.375416666666666,Delhi
2022-06-24,119.06375,202.70291666666665,1920.93875,5.922083333333333,53.48708333333334,25.5275,95.15125,49.17291666666667,Delhi
2022-06-25,224.05,304.3025,3194.3325,22.396666666666665,83.43208333333334,34.217083333333335,149.58875,90.38875,Delhi
2022-06-26,38.88791666666666,46.852916666666665,853.935,0.67125,25.36916666666667,13.082916666666668,133.63500000000002,48.99458333333333,Delhi
2022-06-27,55.29916666666667,65.515,990.7883333333332,0.8633333333333334,37.08541666666667,12.93125,131.68208333333334,67.5725,Delhi
2022-06-28,163.30625,232.36,3655.790833333333,45.2925,72.09458333333333,37.08416666666667,27.812083333333334,81.85708333333334,Delhi
2022-06-29,99.15083333333332,183.60416666666663,1652.7975,12.486666666666666,54.87125,20.58458333333333,31.37833333333333,78.06208333333333,Delhi
2022-06-30,55.276250000000005,67.39999999999999,1229.4458333333334,10.4525,63.5325,8.178749999999999,2.6016666666666666,104.32833333333332,Delhi
2022-07-01,165.05,195.22080000000005,2470.5512,37.9904,94.154,11.2588,11.806400000000002,123.214,Delhi
2022-07-02,78.05291666666666,90.02999999999999,1145.1633333333332,4.997083333333333,33.645,8.959166666666667,90.30916666666668,37.05375,Delhi
2022-07-03,122.46625,152.78708333333333,2260.0091666666667,25.455416666666665,55.84333333333333,15.474166666666669,31.11708333333333,54.12125,Delhi
2022-07-04,266.07375,334.9245833333333,3846.882916666667,35.19083333333334,110.53,30.625,58.14416666666667,128.64708333333334,Delhi
2022-07-05,96.46916666666668,111.38208333333334,1277.84375,1.1975,49.16708333333333,10.919583333333334,97.31291666666668,69.41916666666667,Delhi
2022-07-06,67.5625,85.2375,1281.1816666666666,0.7716666666666666,50.66625,11.368333333333334,69.365,64.37333333333333,Delhi
2022-07-07,57.59333333333333,75.47958333333334,1102.6066666666668,1.8975,47.66833333333333,14.195833333333333,51.33041666666667,63.69708333333333,Delhi
2022-07-08,93.87666666666668,118.14291666666666,1372.1379166666666,3.937083333333333,48.84583333333333,19.4425,94.43541666666664,58.94875,Delhi
2022-07-09,58.959583333333335,66.3325,876.7441666666667,0.44625,37.24916666666667,7.499583333333334,50.53708333333333,52.86875,Delhi
2022-07-10,96.77,114.69291666666668,1290.9183333333333,4.26875,59.32083333333333,9.072916666666666,37.47708333333333,79.69166666666666,Delhi
2022-07-11,353.1725,408.6491666666666,3677.20875,10.17875,114.35625,24.1875,136.28583333333333,133.13833333333335,Delhi
2022-07-12,161.33124999999998,197.22541666666663,2171.835,16.947916666666668,89.83791666666667,17.03625,60.58625,122.30833333333334,Delhi
2022-07-13,103.5475,130.16458333333333,1463.37375,2.85875,53.25958333333333,13.302916666666668,87.06875000000001,75.57916666666667,Delhi
2022-07-14,75.43958333333333,96.8425,1298.7058333333332,4.959583333333334,61.23333333333333,13.156666666666666,37.39958333333333,87.54,Delhi
2022-07-15,66.60541666666667,86.12041666666666,1198.8479166666666,1.9025,47.89541666666667,13.917083333333332,66.49666666666667,58.07541666666666,Delhi
2022-07-16,81.33666666666666,97.49375,1235.2858333333334,3.81,56.20708333333334,10.064583333333331,48.51499999999999,76.90958333333333,Delhi
2022-07-17,96.11791666666666,122.7725,1568.2379166666667,7.53,53.09458333333333,9.779583333333331,44.91583333333333,60.71666666666667,Delhi
2022-07-18,205.49625,253.34708333333333,2734.820416666667,23.75125,77.085,20.224166666666665,104.56958333333334,106.43416666666668,Delhi
2022-07-19,234.7458333333333,268.8066666666667,2481.14375,7.567916666666666,97.60666666666668,12.977916666666667,80.39708333333333,108.69875,Delhi
2022-07-20,112.29,119.87,934.6,0.0,47.98,2.88,54.36,78.2,Delhi
2022-07-21,,,,,,,,,Delhi
2022-07-22,146.29478260869564,177.3078260869565,2528.066956521739,42.17826086956522,71.19739130434782,11.907391304347826,5.934347826086957,114.87652173913042,Delhi
2022-07-23,48.10583333333333,59.93958333333333,1089.2541666666666,2.0404166666666668,41.75625,6.017083333333333,20.019583333333333,45.21083333333333,Delhi
2022-07-24,35.314166666666665,40.65916666666667,694.8316666666666,0.9604166666666668,29.28916666666667,5.513749999999999,57.75458333333333,43.3325,Delhi
2022-07-25,57.58125,64.86041666666667,818.88875,1.5229166666666665,31.395,6.230833333333333,92.15541666666668,49.431666666666665,Delhi
2022-07-26,60.41458333333333,68.64708333333333,959.3575,2.0066666666666664,34.00208333333333,7.14875,75.615,48.77625,Delhi
2022-07-27,53.17666666666667,61.715,958.8004166666666,3.1575,39.54166666666666,7.246666666666667,30.8,49.15375,Delhi
2022-07-28,67.42958333333333,88.06374999999998,1554.8862499999998,32.02875,42.92666666666667,12.529166666666669,0.0995833333333333,66.35958333333333,Delhi
2022-07-29,99.04458333333334,131.17958333333334,2164.0454166666664,37.4775,48.925,14.639583333333333,7.78,54.35874999999999,Delhi
2022-07-30,174.1579166666667,228.22333333333333,3439.3858333333333,81.80375,41.34291666666667,27.300833333333333,8.214166666666667,58.42333333333334,Delhi
2022-07-31,55.72375,77.59541666666667,1310.1104166666669,14.947083333333332,32.952083333333334,10.632083333333332,24.309166666666663,32.58375,Delhi
2022-08-01,88.12200000000001,123.4764,1965.5984,34.876,39.5784,14.3784,11.5108,46.024,Delhi
2022-08-02,99.92125,138.55208333333334,2013.0083333333328,28.55625,42.06958333333333,15.8375,53.3325,43.23291666666666,Delhi
2022-08-03,131.88791666666663,166.88708333333332,2387.12625,45.21541666666667,58.84916666666667,17.034166666666668,4.08875,77.72375000000001,Delhi
2022-08-04,103.58958333333334,121.65583333333332,1567.125,29.535416666666663,58.34916666666667,8.907083333333334,0.6224999999999999,110.82541666666668,Delhi
2022-08-05,174.66458333333333,212.96041666666667,2765.41625,21.45,76.22791666666667,13.038333333333334,27.36083333333333,81.74666666666667,Delhi
2022-08-06,179.77333333333334,206.62625,2490.6,4.5825000000000005,78.91333333333334,11.474166666666669,57.19,75.24125,Delhi
2022-08-07,94.255,112.92291666666668,1766.84,9.8575,52.70791666666667,7.998333333333334,14.767083333333334,65.26666666666667,Delhi
2022-08-08,211.255,269.37083333333334,3544.250833333333,55.74666666666667,70.53083333333333,17.718333333333334,53.43333333333334,106.15583333333336,Delhi
2022-08-09,105.38375,140.08791666666667,1776.2975,10.528333333333334,52.85125,12.428333333333333,33.57083333333333,64.67083333333333,Delhi
2022-08-10,68.81458333333333,89.02291666666667,1186.3291666666669,3.74375,48.38166666666667,14.984166666666669,54.96625,61.45291666666666,Delhi
2022-08-11,60.03333333333333,76.40208333333334,991.90125,2.6195833333333334,39.31375,9.280416666666666,49.72583333333333,56.06791666666667,Delhi
2022-08-12,55.35625,67.80333333333333,829.7366666666667,2.222916666666667,34.14333333333334,10.690833333333332,71.00500000000001,50.463750000000005,Delhi
2022-08-13,76.28875000000001,92.33291666666666,1056.7104166666666,4.77875,31.9375,8.6425,70.19666666666667,33.666666666666664,Delhi
2022-08-14,107.52916666666664,129.99625,1537.64125,14.10875,59.9625,10.85875,19.5525,75.50875,Delhi
2022-08-15,89.14999999999999,113.64125,1324.8520833333334,9.246666666666668,45.56916666666667,11.653333333333334,41.94583333333333,69.89583333333333,Delhi
2022-08-16,36.748333333333335,42.598333333333336,554.2225,0.4837499999999999,27.032916666666665,6.3445833333333335,50.37375,39.85625,Delhi
2022-08-17,41.48208333333333,54.82291666666666,817.77625,4.132916666666667,28.095,9.788333333333332,44.53666666666666,29.961250000000003,Delhi
2022-08-18,45.10625,61.99375,977.15875,5.318333333333333,34.759166666666665,12.808333333333332,44.15291666666667,29.245416666666667,Delhi
2022-08-19,41.465,60.63125,1042.8029166666668,6.05125,32.45125,14.4975,44.00833333333333,31.52083333333333,Delhi
2022-08-20,181.29416666666663,231.7875,3019.0941666666663,42.555,68.8025,19.23541666666667,8.205,79.97958333333334,Delhi
2022-08-21,79.10875,102.35125,1216.0933333333332,4.30875,40.54208333333333,13.622083333333334,57.321666666666665,46.43208333333333,Delhi
2022-08-22,68.06333333333333,85.58416666666666,1218.0416666666667,14.0,54.06583333333333,11.734583333333331,19.043333333333333,96.40041666666669,Delhi
2022-08-23,41.09875,47.99208333333333,560.76,0.3833333333333333,23.183333333333334,7.921666666666667,69.96124999999999,34.81875,Delhi
2022-08-24,59.00541666666666,73.53166666666667,908.7325,2.7104166666666667,39.37,10.476666666666668,44.63041666666667,44.83291666666667,Delhi
2022-08-25,94.48291666666668,126.60333333333334,1756.54875,22.1725,45.39666666666667,20.89708333333333,55.33416666666667,46.49166666666667,Delhi
2022-08-26,35.11208333333333,47.93625,692.3279166666666,1.413333333333333,26.639166666666668,12.97,67.32958333333333,33.376666666666665,Delhi
2022-08-27,22.72958333333333,38.47208333333334,488.1620833333333,0.8233333333333334,16.450833333333332,10.274583333333334,67.75541666666668,20.10083333333333,Delhi
2022-08-28,36.8275,74.53916666666667,797.3316666666666,4.286666666666666,24.569166666666664,13.91375,47.00583333333333,24.218333333333334,Delhi
2022-08-29,99.53333333333336,140.32708333333332,1431.1079166666666,6.772083333333334,48.35375,19.51125,67.60375,54.39875,Delhi
2022-08-30,218.0558333333333,290.66791666666666,2941.2100000000005,35.380833333333335,58.63583333333333,28.02875,91.6475,70.61166666666666,Delhi
2022-08-31,108.81083333333332,148.98125,1651.9629166666666,17.140833333333333,40.37,21.290416666666665,59.62166666666667,44.04791666666667,Delhi
2022-09-01,176.4628,260.3836,3372.308,56.9632,49.0444,34.1572,30.0012,61.7124,Delhi
2022-09-02,161.1,237.21833333333333,2981.543333333333,48.1225,55.615,32.145,28.075416666666666,64.75,Delhi
2022-09-03,42.08541666666667,78.15958333333333,861.5841666666666,4.7387500000000005,26.27625,16.28708333333333,56.81791666666667,24.354166666666668,Delhi
2022-09-04,18.082916666666662,35.135416666666664,477.0366666666666,0.9041666666666668,17.414583333333333,11.923333333333332,65.74375,18.199583333333333,Delhi
2022-09-05,45.695,77.96416666666667,965.7541666666666,3.11,37.935,19.120833333333334,62.79125,36.47708333333333,Delhi
2022-09-06,97.41708333333334,157.93625,1640.5595833333334,12.0175,48.88125,27.74875,58.040416666666665,59.742916666666666,Delhi
2022-09-07,179.29541666666668,265.20666666666665,2880.0166666666664,43.01083333333333,49.30916666666667,35.2325,64.83958333333334,71.76416666666667,Delhi
2022-09-08,255.23333333333332,331.7391666666667,3453.5733333333337,45.000416666666666,64.95416666666667,36.90583333333333,102.88291666666667,98.76583333333332,Delhi
2022-09-09,120.405,135.92333333333332,1256.705,2.0004166666666667,49.625,12.44375,123.91083333333334,91.11583333333334,Delhi
2022-09-10,109.32125,129.47208333333333,1433.611666666667,3.784166666666666,59.26333333333333,14.469583333333333,76.04541666666667,83.36708333333333,Delhi
2022-09-11,60.56333333333333,77.405,1077.5729166666667,3.9891666666666654,44.25458333333333,14.104166666666666,68.44833333333334,66.28083333333333,Delhi
2022-09-12,57.01125,77.91208333333334,1195.5091666666667,9.150833333333331,47.25375,17.297083333333333,39.28333333333334,66.39958333333333,Delhi
2022-09-13,26.43208333333333,36.39,662.28625,5.022083333333334,33.444583333333334,10.273333333333332,34.42458333333334,59.00875,Delhi
2022-09-14,23.185,29.64375,617.7816666666666,2.25625,34.745,5.87625,24.25125,57.79541666666666,Delhi
2022-09-15,40.045,49.97625,909.8454166666668,5.9925,40.814166666666665,6.294583333333333,11.240833333333333,63.99541666666667,Delhi
2022-09-16,125.51208333333334,164.2025,2361.8141666666666,35.84708333333334,53.96541666666667,13.998333333333331,23.56083333333333,58.193333333333335,Delhi
2022-09-17,105.00166666666668,168.26958333333334,1353.22375,2.4229166666666666,41.82083333333333,13.883333333333333,50.37458333333333,33.09875,Delhi
2022-09-18,254.1975,327.65833333333336,2695.6004166666667,16.730416666666667,62.77666666666667,17.81,65.23541666666667,55.01541666666666,Delhi
2022-09-19,286.9941666666667,363.3733333333333,2634.1283333333336,20.586250000000003,56.77125,19.545416666666664,103.42833333333334,76.59333333333333,Delhi
2022-09-20,157.01916666666668,193.6233333333333,2287.54625,16.877083333333335,80.96833333333333,12.94875,33.27625,106.28458333333332,Delhi
2022-09-21,395.2683333333334,478.82,5545.855,106.45916666666666,89.22375,27.1,11.045833333333334,134.27,Delhi
2022-09-22,117.24083333333331,135.245,1686.732083333333,10.994583333333331,50.23833333333334,7.855416666666667,4.627916666666667,67.61,Delhi
2022-09-23,70.90291666666667,86.17958333333333,1686.7316666666666,22.6525,48.66666666666666,8.15625,2.5995833333333334,75.20125,Delhi
2022-09-24,37.157916666666665,43.93083333333333,1006.6433333333332,6.584166666666667,32.47416666666667,4.834583333333334,4.0875,38.56375,Delhi
2022-09-25,216.88125,279.5491666666667,3377.91375,43.07541666666666,44.65125,15.996250000000002,47.1625,40.282916666666665,Delhi
2022-09-26,203.055,264.82958333333335,2675.8508333333334,29.109583333333333,53.751666666666665,15.99375,47.30375,59.72416666666667,Delhi
2022-09-27,246.4175,344.41166666666663,3684.997083333333,61.73500000000001,50.17333333333334,20.9575,46.365,57.7075,Delhi
2022-09-28,258.045,363.33,3738.960416666667,57.553333333333335,61.51291666666666,21.43208333333333,52.38208333333333,61.373333333333335,Delhi
2022-09-29,306.43916666666667,400.3995833333333,4153.409583333333,68.84166666666667,55.60833333333333,23.580416666666665,53.88208333333333,59.84291666666667,Delhi
2022-09-30,323.2325,405.4791666666667,4177.887916666667,56.68833333333333,67.06625,21.94125,63.11666666666667,58.45166666666666,Delhi
2022-10-01,291.1408,373.0264,4072.9904,58.036,61.7668,19.1428,51.0724,47.6936,Delhi
2022-10-02,208.95875,279.845,2691.9845833333334,29.46708333333333,54.88666666666666,21.27833333333333,62.25791666666667,46.312916666666666,Delhi
2022-10-03,82.98541666666667,124.79666666666668,1250.3066666666666,3.420833333333333,41.34916666666667,20.690416666666668,56.06208333333333,38.315,Delhi
2022-10-04,198.9141666666667,252.2983333333333,2152.9195833333333,5.21625,66.83916666666667,21.36958333333333,72.83583333333333,56.43541666666667,Delhi
2022-10-05,140.535,169.6075,1809.6770833333333,10.717083333333331,75.11416666666666,14.67125,34.84916666666667,97.01708333333332,Delhi
2022-10-06,52.07041666666667,70.87458333333333,1116.51375,13.020833333333334,49.42333333333334,13.13625,19.137083333333333,81.61874999999999,Delhi
2022-10-07,52.03416666666666,66.02125,1149.3354166666666,23.975416666666664,45.18291666666667,8.579166666666667,0.7374999999999999,95.645,Delhi
2022-10-08,40.71333333333333,49.3625,953.7941666666668,8.097916666666666,35.670833333333334,5.255,4.4054166666666665,50.88291666666667,Delhi
2022-10-09,47.16625,56.97625,1114.8454166666668,11.644166666666663,38.51416666666667,6.745833333333334,2.006666666666667,53.59375,Delhi
2022-10-10,114.61166666666666,142.49125,1922.6079166666668,26.012083333333333,60.94833333333333,12.982916666666666,16.76875,90.73833333333332,Delhi
2022-10-11,422.7695833333333,505.66625,5668.242916666667,84.16375000000001,106.16,40.05125,9.839166666666667,127.17625,Delhi
2022-10-12,245.10666666666668,290.03791666666666,2967.9129166666667,21.85458333333333,67.61625,15.532083333333333,51.49916666666667,61.69083333333333,Delhi
2022-10-13,180.56583333333333,228.0204166666667,2437.4729166666666,20.88875,54.900416666666665,21.50125,55.39000000000001,46.27333333333333,Delhi
2022-10-14,193.4608333333333,248.04666666666665,2292.8325,9.698333333333332,62.23500000000001,23.602083333333336,56.83958333333334,47.49541666666667,Delhi
2022-10-15,263.47541666666666,343.5758333333333,3507.8116666666665,37.54,69.4225,25.705416666666668,46.54583333333333,49.86833333333333,Delhi
2022-10-16,309.9870833333333,395.07375,4232.406666666667,55.07833333333334,85.5825,34.09708333333333,60.99458333333334,65.06750000000001,Delhi
2022-10-17,254.2375,333.77500000000003,4059.672083333333,64.46083333333333,82.85458333333334,36.610416666666666,39.06125,58.60125,Delhi
2022-10-18,322.9579166666667,409.35291666666666,5613.445,109.48333333333332,104.2175,63.04416666666666,39.68,98.86416666666666,Delhi
2022-10-19,391.9675,488.38958333333335,5048.512916666667,45.32666666666666,136.54875,40.81583333333334,56.759166666666665,88.5825,Delhi
2022-10-20,396.23375,489.7066666666667,4720.2908333333335,42.67416666666667,135.44833333333335,41.76625,43.651250000000005,102.55041666666666,Delhi
2022-10-21,421.45666666666665,528.54625,6055.434583333333,107.15416666666664,118.9975,58.44916666666666,43.59125,98.26875,Delhi
2022-10-22,232.7058333333333,301.87,2856.3741666666665,24.91,64.72458333333334,26.06083333333333,46.01458333333333,43.68,Delhi
2022-10-23,256.37416666666667,332.87083333333334,3746.1925,45.60791666666666,74.72208333333333,32.96375,47.8825,54.965,Delhi
2022-10-24,165.59166666666667,212.1975,2460.0033333333336,10.926666666666668,70.55916666666667,29.27541666666667,61.56125,52.43083333333333,Delhi
2022-10-25,217.18375,283.8858333333333,2976.815416666667,23.74125,68.51666666666667,32.1875,55.609166666666674,52.70041666666666,Delhi
2022-10-26,429.90333333333336,564.7541666666667,6576.141250000001,133.22916666666666,109.95791666666668,68.89625,45.42791666666667,115.29458333333334,Delhi
2022-10-27,475.01,618.2220833333333,7292.6675,140.56916666666666,145.47333333333333,88.8625,46.15708333333333,140.64708333333334,Delhi
2022-10-28,801.1437500000001,972.1741666666668,9624.16375,107.54625,251.67541666666668,99.00083333333332,62.540416666666665,196.87416666666664,Delhi
2022-10-29,568.645,696.895,7257.619583333333,82.55,155.31291666666667,52.373333333333335,63.970000000000006,102.29166666666669,Delhi
2022-10-30,370.315,474.7925,5331.119166666666,81.27833333333334,88.17333333333333,40.975,51.80833333333333,67.30291666666666,Delhi
2022-10-31,542.03625,682.80875,7668.735000000001,123.63791666666668,157.05458333333334,92.88958333333332,50.37,151.59416666666667,Delhi
2022-11-01,249.0048,333.9856,3734.1308,54.816,77.3052,30.5708,33.333200000000005,53.9876,Delhi
2022-11-02,316.1066666666666,424.0095833333333,3871.3625,39.755,88.46625,33.760416666666664,39.81791666666667,60.49875,Delhi
2022-11-03,362.9975,474.00625,4886.3025,69.93124999999999,82.85541666666667,33.67625,45.61083333333334,68.16041666666666,Delhi
2022-11-04,557.125,661.9166666666666,5640.0,33.780833333333334,131.98916666666665,15.384166666666664,126.62416666666668,104.18708333333332,Delhi
2022-11-05,322.29625,386.4895833333333,2479.568333333333,5.333333333333333,66.88875,15.249583333333334,71.86208333333333,41.75416666666667,Delhi
2022-11-06,414.98291666666665,510.7479166666667,4120.0320833333335,51.63,73.44375000000001,24.902083333333334,48.6875,52.58083333333334,Delhi
2022-11-07,519.5991666666666,639.29,6051.540416666667,85.12125,157.9391666666667,65.26166666666667,24.48125,138.54125000000002,Delhi
2022-11-08,757.2608333333334,880.7341666666666,7650.375,98.785,135.40583333333333,33.92333333333333,12.805,118.49375,Delhi
2022-11-09,869.5408333333334,1003.515,10482.54875,204.92791666666668,213.66,100.21208333333334,29.32041666666667,255.96166666666667,Delhi
2022-11-10,407.58125,482.1779166666667,4701.375416666667,62.67958333333333,95.17708333333331,23.49625,31.74208333333333,75.38083333333334,Delhi
2022-11-11,129.72125,160.74666666666667,1887.560416666667,4.638333333333334,54.17875,23.822916666666668,65.75875,40.114583333333336,Delhi
2022-11-12,149.1975,177.90625,1979.35125,0.9566666666666668,43.17,22.430000000000003,94.60791666666668,32.634166666666665,Delhi
2022-11-13,306.27375,391.7975,4696.925416666667,75.9575,78.73125,43.01166666666666,46.029583333333335,59.52458333333333,Delhi
2022-11-14,317.5783333333333,418.17333333333335,4784.26625,77.06625,100.61833333333334,56.585,36.615,92.48708333333332,Delhi
2022-11-15,541.6899999999999,675.3495833333333,7797.240416666666,167.00791666666666,127.63625,61.30375,24.530833333333334,123.77916666666664,Delhi
2022-11-16,131.93041666666667,168.31041666666667,1883.388333333333,7.3475,57.71333333333334,24.39333333333333,52.635,48.36000000000001,Delhi
2022-11-17,118.59875,147.4908333333333,1749.8741666666667,2.27125,53.72916666666666,23.860416666666666,66.19083333333333,41.086666666666666,Delhi
2022-11-18,281.61708333333337,361.53625000000005,4660.21,81.33125,78.98375,44.19375,30.155,67.22375000000001,Delhi
2022-11-19,303.0054166666667,374.36125,4317.522083333333,57.65,87.53833333333334,38.14791666666667,38.70375,58.81916666666667,Delhi
2022-11-20,190.72458333333336,232.13291666666663,2441.0875,20.032083333333336,60.71291666666667,26.969583333333333,44.76041666666666,39.29916666666667,Delhi
2022-11-21,151.66875000000002,187.8,2010.503333333333,8.912916666666666,61.99041666666667,28.625833333333333,50.52125,47.55375,Delhi
2022-11-22,151.95125,193.93541666666667,2339.84,17.611250000000002,68.53125,31.11083333333333,40.922916666666666,52.25208333333333,Delhi
2022-11-23,110.81541666666668,144.7675,1799.6620833333334,12.234583333333331,56.178333333333335,28.492500000000003,43.945,43.094166666666666,Delhi
2022-11-24,260.04791666666665,337.49625,3984.85,75.94583333333334,67.51666666666667,42.40833333333334,32.20125,60.75708333333333,Delhi
2022-11-25,414.76416666666665,505.8058333333333,5037.943333333334,75.57791666666667,102.90375,41.79208333333333,41.00875,82.48333333333333,Delhi
2022-11-26,253.6158333333333,306.80375,2184.6304166666664,3.88875,63.67583333333334,25.17875,58.89333333333334,40.89875,Delhi
2022-11-27,383.5033333333333,462.6908333333333,4150.0720833333335,55.70541666666667,76.72791666666667,29.199166666666667,39.7875,49.61041666666667,Delhi
2022-11-28,587.8975,714.1591666666667,7216.453750000001,119.96208333333334,121.75291666666668,62.01083333333333,32.96208333333333,122.67625,Delhi
2022-11-29,419.0058333333333,507.0054166666666,5449.612916666667,95.28541666666666,96.46291666666669,39.47,33.96458333333333,71.98166666666667,Delhi
2022-11-30,417.06166666666667,494.1475,4804.292083333333,68.715,87.08166666666666,29.61958333333333,33.994166666666665,58.91875,Delhi
2022-12-01,410.862,493.0416,4779.2808,86.10879999999999,75.5776,25.4188,30.8256,53.6716,Delhi
2022-12-02,603.00125,716.7012500000001,8102.099583333333,175.42208333333335,141.26083333333335,60.89791666666667,28.39583333333333,101.53708333333331,Delhi
2022-12-03,383.6175,463.79625,4886.6275,83.50875,100.70458333333332,43.82958333333334,25.305000000000003,73.78041666666667,Delhi
2022-12-04,318.58625,374.42333333333335,3406.842083333333,47.78416666666666,65.54,20.1075,28.95375,38.39625,Delhi
2022-12-05,451.18375,540.4866666666667,4995.107083333333,79.19166666666666,83.76875,29.98958333333333,33.312083333333334,64.43291666666667,Delhi
2022-12-06,237.30125,275.2291666666667,1725.1179166666668,2.978333333333333,46.02583333333333,15.34125,80.28041666666667,44.41625,Delhi
2022-12-07,191.01416666666668,233.81375,1456.42,1.87125,42.51916666666667,15.690833333333332,66.51875,37.4725,Delhi
2022-12-08,321.33708333333334,408.38625,3394.60375,35.23291666666667,72.97291666666666,20.657083333333333,30.562916666666663,47.75291666666666,Delhi
2022-12-09,281.64,344.08,2429.96,16.09,55.52,7.16,0.02,22.41,Delhi
2022-12-10,,,,,,,,,Delhi
2022-12-11,147.52478260869566,189.3891304347826,1929.5730434782608,11.93391304347826,55.19521739130435,23.41130434782609,28.421739130434784,39.01739130434783,Delhi
2022-12-12,151.46458333333334,189.73166666666668,1994.9279166666668,9.369583333333331,60.790416666666665,29.61791666666667,38.134166666666665,46.19291666666666,Delhi
2022-12-13,119.93958333333336,143.99458333333334,1369.6354166666667,2.1708333333333334,39.056666666666665,24.519583333333333,74.67041666666667,38.693333333333335,Delhi
2022-12-14,117.89333333333332,148.97708333333333,1703.9775,8.124166666666666,53.80791666666666,27.121666666666663,38.10833333333333,43.3825,Delhi
2022-12-15,94.06875,124.27958333333332,1507.3225,7.289583333333333,53.19458333333333,23.89708333333333,41.15625,38.742916666666666,Delhi
2022-12-16,292.13875,378.32916666666665,4364.251666666666,101.36166666666666,66.475,34.71625,19.66333333333333,59.46541666666667,Delhi
2022-12-17,309.37208333333336,386.0195833333333,4197.35875,81.06541666666666,76.81291666666667,34.92208333333333,24.18583333333333,63.27,Delhi
2022-12-18,397.8045833333333,473.7395833333333,4303.058333333333,51.09708333333333,86.66666666666667,23.33458333333333,29.457083333333333,55.14333333333334,Delhi
2022-12-19,522.705,605.3420833333333,5013.465416666667,63.01291666666666,88.71,26.10875,35.41291666666667,64.54166666666667,Delhi
2022-12-20,410.77625,488.5579166666666,4276.910833333333,61.03041666666667,79.72666666666667,22.004166666666663,27.585416666666664,54.895,Delhi
2022-12-21,480.3825,557.1374999999999,4477.18375,47.95625,96.30625,25.515,34.9675,73.34416666666667,Delhi
2022-12-22,498.38958333333335,576.0758333333333,4431.565833333333,38.44916666666666,93.60791666666668,24.50333333333333,34.026666666666664,63.99541666666667,Delhi
2022-12-23,498.4983333333333,564.7579166666667,4275.797916666666,34.07666666666667,96.96291666666669,22.065416666666668,28.70833333333333,80.52666666666666,Delhi
2022-12-24,209.43416666666667,235.68375,1797.4379166666668,2.84375,45.91083333333333,13.013333333333334,57.87625,33.319583333333334,Delhi
2022-12-25,218.25,235.31,1321.79,0.01,25.36,3.93,46.49,19.31,Delhi
2022-12-26,430.0865217391304,498.9091304347826,4242.856521739131,54.07826086956521,81.31652173913044,23.08304347826087,31.261739130434783,55.27217391304348,Delhi
2022-12-27,249.83041666666668,277.27166666666665,1905.361666666667,2.549166666666667,48.45375000000001,13.89125,74.10375,40.799166666666665,Delhi
2022-12-28,177.47166666666666,201.7108333333333,1436.3925,2.5283333333333333,41.52708333333333,12.577083333333334,64.71583333333334,34.88916666666667,Delhi
2022-12-29,381.59875000000005,448.52875,3578.7425000000003,37.9725,87.48041666666667,21.32333333333333,25.96666666666667,64.63166666666666,Delhi
2022-12-30,522.06375,627.9520833333333,5493.004166666667,96.87916666666666,97.12041666666666,37.310833333333335,26.13583333333333,87.45041666666667,Delhi
2022-12-31,159.27083333333334,186.07625,1601.8945833333337,3.40875,45.040416666666665,9.642083333333334,41.10333333333333,28.242500000000003,Delhi
2023-01-01,432.954,521.4244,5758.209599999999,107.92119999999998,91.0832,61.1844,20.6752,98.8852,Delhi
2023-01-02,698.1041666666666,830.14875,7610.322083333333,140.5375,110.18708333333332,49.09,16.977083333333333,110.18958333333336,Delhi
2023-01-03,381.8104166666667,434.33375,3640.4925,39.7175,71.80125,18.581666666666667,39.477916666666665,59.57458333333333,Delhi
2023-01-04,304.0216666666667,350.49083333333334,2769.8679166666666,8.811666666666666,75.6575,13.959583333333336,34.64083333333333,52.07375,Delhi
2023-01-05,423.6045833333333,496.78791666666666,4700.819583333333,62.28958333333333,81.71208333333333,21.72458333333333,17.712083333333332,58.00458333333333,Delhi
2023-01-06,418.07958333333335,494.4995833333333,5184.808333333333,90.0825,93.65083333333332,25.464583333333334,9.7475,68.69500000000001,Delhi
2023-01-07,265.90500000000003,294.6379166666667,2336.5025,8.994583333333333,62.63375,10.715000000000002,39.790416666666665,36.13041666666667,Delhi
2023-01-08,354.21791666666667,396.26666666666665,3091.9704166666666,19.381666666666668,65.04708333333333,11.099583333333332,33.12833333333334,37.96875,Delhi
2023-01-09,557.80625,650.2166666666667,6249.587083333333,101.85833333333332,101.67541666666666,43.3125,2.5704166666666666,99.41041666666666,Delhi
2023-01-10,340.75291666666664,376.3883333333333,2702.554583333333,16.044583333333332,61.22,10.025833333333331,36.96833333333333,44.44541666666667,Delhi
2023-01-11,450.96875,507.72125,4262.4475,47.15208333333334,101.54833333333332,16.80375,27.3325,65.74374999999999,Delhi
2023-01-12,300.4270833333333,326.6666666666667,1969.3375,2.8779166666666662,59.26333333333333,8.845416666666667,53.24,45.43833333333333,Delhi
2023-01-13,590.3683333333333,673.7783333333333,7308.80125,162.38791666666663,85.19666666666667,63.056250000000006,14.156666666666666,123.10333333333334,Delhi
2023-01-14,216.67791666666665,239.56375,1538.1975,3.546666666666667,34.643750000000004,10.581666666666669,64.80333333333333,31.808333333333334,Delhi
2023-01-15,127.66,152.89916666666667,1516.50125,2.5079166666666666,48.217083333333335,16.03375,52.13083333333333,31.977500000000003,Delhi
2023-01-16,175.975,221.7945833333333,2359.31125,19.655416666666667,66.58958333333334,21.626666666666665,31.580416666666668,44.594166666666666,Delhi
2023-01-17,259.33250000000004,317.0941666666667,3176.5308333333337,34.172916666666666,70.78666666666668,23.75583333333333,34.425000000000004,48.14124999999999,Delhi
2023-01-18,360.4066666666667,439.0725,4384.27875,64.61375,85.55333333333334,29.918333333333333,27.975416666666664,58.32291666666666,Delhi
2023-01-19,526.4858333333333,611.3379166666667,6477.117916666667,129.72916666666666,132.17749999999998,63.45166666666666,27.8575,174.06583333333333,Delhi
2023-01-20,265.76166666666666,318.20708333333334,2770.9795833333333,25.315,64.61874999999999,19.51875,27.46083333333333,55.958333333333336,Delhi
2023-01-21,400.9004166666667,481.0591666666666,4587.332916666667,74.54833333333333,104.51791666666666,29.89916666666667,14.85125,107.22958333333334,Delhi
2023-01-22,289.99583333333334,357.70875,3279.4475,41.67958333333333,63.53375,24.8075,18.69708333333333,61.24458333333333,Delhi
2023-01-23,390.77125,476.6133333333333,5285.500416666667,108.35791666666668,116.61291666666666,50.42791666666667,14.684166666666664,124.35625,Delhi
2023-01-24,279.93916666666667,332.1466666666667,3448.565416666667,46.16708333333333,66.42458333333333,15.19625,20.662916666666668,50.96083333333333,Delhi
2023-01-25,231.14041666666665,278.5833333333333,2999.067916666667,44.78458333333333,67.7175,13.724583333333332,6.707916666666667,68.12791666666668,Delhi
2023-01-26,148.51416666666668,171.15625,1396.3391666666666,4.150833333333334,41.31208333333333,14.845,54.961666666666666,40.17333333333333,Delhi
2023-01-27,115.55041666666666,136.34333333333333,1292.03,2.8666666666666667,40.24166666666667,15.404583333333331,68.39708333333333,36.6175,Delhi
2023-01-28,284.23541666666665,342.28791666666666,3602.66375,53.83291666666667,65.06166666666667,24.92625,40.844166666666666,50.66416666666667,Delhi
2023-01-29,354.2704166666667,389.3675,3562.0525,37.145833333333336,80.5125,10.941666666666668,17.3825,63.73708333333334,Delhi
2023-01-30,292.6720833333333,347.7875,4095.554166666667,88.71541666666667,69.41708333333334,37.11,15.345,90.37083333333334,Delhi
2023-01-31,136.05375,155.67041666666668,1513.44125,16.278333333333332,34.9575,10.50375,61.23083333333333,36.25,Delhi
2023-02-01,119.7772,139.4592,1230.4688,2.6696,36.796,15.1896,72.914,41.3504,Delhi
2023-02-02,142.51916666666668,172.01958333333334,1500.3683333333336,2.4775,44.6975,20.414166666666667,73.65625,42.41875,Delhi
2023-02-03,225.06625,283.71166666666664,2549.0129166666666,22.12375,66.27416666666666,22.624583333333334,40.36,48.42875,Delhi
2023-02-04,180.67083333333332,216.5,1526.51375,3.1125000000000003,41.74125,18.28708333333333,67.29375,33.79625,Delhi
2023-02-05,416.19625,493.5445833333333,5276.04375,89.67583333333333,91.26541666666668,51.56666666666667,36.03958333333333,84.11333333333333,Delhi
2023-02-06,540.42,668.4595833333333,6969.451666666667,122.04833333333332,103.88916666666668,46.880833333333335,31.1675,86.32666666666667,Delhi
2023-02-07,251.5220833333333,297.8595833333333,2332.607916666667,14.894166666666663,52.60791666666666,21.0,50.63291666666667,45.74666666666667,Delhi
2023-02-08,205.78125,253.63583333333332,2580.16625,18.300833333333333,67.69458333333334,30.88416666666667,45.178333333333335,48.93541666666667,Delhi
2023-02-09,208.47875,262.24625,2971.250833333333,43.6525,63.20416666666667,24.951666666666668,37.54458333333333,41.59375,Delhi
2023-02-10,341.5075,428.98625,4691.362916666667,78.10625,81.59666666666666,26.93166666666667,28.2025,58.711666666666666,Delhi
2023-02-11,380.41541666666666,458.6575,3258.8641666666667,34.48166666666666,61.355,29.707916666666662,57.69958333333333,68.34666666666666,Delhi
2023-02-12,92.91375,117.15708333333332,1093.7058333333332,5.099166666666666,30.890833333333333,22.54041666666667,77.39874999999999,33.1,Delhi
2023-02-13,60.048750000000005,72.61874999999999,832.7958333333332,1.6704166666666669,25.668333333333333,18.730833333333333,98.31875,34.87916666666667,Delhi
2023-02-14,130.94875,169.055,1632.2141666666666,4.474583333333333,55.00791666666667,28.910833333333333,62.78041666666667,49.69083333333333,Delhi
2023-02-15,213.41458333333333,260.19916666666666,1751.8208333333332,1.6441666666666668,49.71041666666667,23.8025,91.70166666666668,49.49166666666667,Delhi
2023-02-16,680.1179166666667,826.63125,6779.194166666667,92.15708333333332,115.64166666666668,59.17250000000001,57.7275,116.54666666666668,Delhi
2023-02-17,970.9125,1103.42,7496.834583333333,74.35708333333334,146.78833333333333,23.14,82.87249999999999,108.0825,Delhi
2023-02-18,495.11375,586.7204166666667,4656.87125,48.13833333333333,107.33083333333332,33.08208333333334,49.29333333333333,68.37541666666667,Delhi
2023-02-19,592.6929166666666,709.9325,7019.520416666666,120.22875,118.22625,56.64791666666667,39.57291666666667,102.71791666666668,Delhi
2023-02-20,291.19416666666666,355.18458333333336,3348.98625,41.51875,72.57208333333334,30.805,60.001666666666665,57.895,Delhi
2023-02-21,261.54791666666665,335.33375,2687.5329166666666,20.77125,69.9025,32.44625,44.06666666666666,57.965833333333336,Delhi
2023-02-22,344.13041666666663,423.5545833333333,3632.7041666666655,36.71791666666667,82.01208333333334,30.61083333333333,56.23583333333334,74.56583333333333,Delhi
2023-02-23,225.02,273.08,1976.01,1.45,56.89,23.81,10.1,34.81,Delhi
2023-02-24,,,,,,,,,Delhi
2023-02-25,390.71260869565214,485.4030434782609,4857.021739130435,51.08043478260869,96.9913043478261,48.85260869565217,51.82478260869566,82.66869565217391,Delhi
2023-02-26,479.27,585.8045833333333,5493.006249999999,64.5825,101.27625,44.959583333333335,57.04,93.16291666666666,Delhi
2023-02-27,301.72291666666666,401.8491666666666,4204.3133333333335,62.66208333333333,69.43708333333333,39.91416666666667,41.52375,70.84833333333333,Delhi
2023-02-28,236.28458333333333,311.8704166666667,3460.804166666667,40.66791666666666,85.22458333333334,43.739583333333336,31.27208333333333,90.2025,Delhi
2023-03-01,258.5016,353.422,4147.224,62.757200000000005,68.7092,42.7204,40.6356,72.67,Delhi
2023-03-02,157.23416666666665,209.9595833333333,2287.268333333333,16.2425,58.74208333333333,28.35833333333333,59.115,51.79541666666666,Delhi
2023-03-03,85.665,116.19541666666667,1396.6179166666668,5.71625,44.53375,21.749583333333334,56.595416666666665,39.388333333333335,Delhi
2023-03-04,62.91,78.67,907.9,0.0,26.39,20.27,41.48,22.65,Delhi
2023-03-05,77.09652173913044,101.05913043478262,1263.4513043478262,2.873478260869565,36.004782608695656,19.76782608695652,60.78434782608696,32.232608695652175,Delhi
2023-03-06,137.43875,180.12833333333333,2294.500833333333,17.860833333333332,54.97208333333333,28.482916666666668,47.13999999999999,49.89958333333333,Delhi
2023-03-07,264.69416666666666,339.89375,4114.190833333333,55.35874999999999,79.46958333333333,44.32666666666666,51.35541666666666,72.75666666666667,Delhi
2023-03-08,200.0725,247.18708333333333,2773.205833333333,19.646666666666665,76.64166666666667,29.881666666666664,60.04583333333334,56.028333333333336,Delhi
2023-03-09,158.78458333333333,201.61416666666665,2414.9416666666666,24.970416666666665,62.71208333333333,24.00708333333333,59.41916666666666,49.05458333333333,Delhi
2023-03-10,176.94041666666666,229.19416666666663,2651.93,30.06375,57.60666666666666,28.9275,59.38958333333333,49.401250000000005,Delhi
2023-03-11,218.6520833333333,278.74583333333334,3211.299583333333,32.19583333333333,76.13541666666667,32.3975,59.01666666666667,52.22291666666666,Delhi
2023-03-12,234.18416666666667,300.2991666666667,3071.10875,22.888333333333332,71.55291666666666,34.583333333333336,72.11208333333333,59.009166666666665,Delhi
2023-03-13,290.71083333333337,372.4795833333333,3780.40375,43.12375,71.78041666666667,36.49958333333333,55.71208333333333,75.89666666666666,Delhi
2023-03-14,262.98583333333335,330.59708333333333,3555.932916666666,37.11208333333334,70.08041666666666,34.23041666666666,56.89625,64.03458333333333,Delhi
2023-03-15,428.7825,528.6041666666666,6564.457916666666,116.77416666666666,119.94,76.44958333333334,54.071666666666665,163.19791666666666,Delhi
2023-03-16,210.4729166666667,271.61041666666665,3602.1079166666664,53.405,86.84583333333335,38.525416666666665,33.318333333333335,87.77791666666667,Delhi
2023-03-17,370.44875,457.7525,5854.050833333334,117.43541666666664,114.32958333333332,59.46125,34.34083333333333,132.3825,Delhi
2023-03-18,201.91625,246.03,2943.9925000000003,37.192083333333336,65.84666666666666,16.41208333333333,42.67875,69.31,Delhi
2023-03-19,255.81583333333333,314.2683333333334,3727.555833333333,57.345,58.4625,20.30333333333333,31.52958333333333,64.84083333333334,Delhi
2023-03-20,397.2291666666667,449.99375,5257.6866666666665,111.62041666666666,105.76,24.40875,3.04375,159.32333333333335,Delhi
2023-03-21,241.41708333333332,296.62291666666664,3570.398333333333,46.93666666666667,63.404583333333335,17.61916666666667,41.08,97.53291666666668,Delhi
2023-03-22,348.27791666666667,414.55875,4520.02,50.70541666666667,84.1975,24.54083333333333,84.49708333333334,91.34416666666668,Delhi
2023-03-23,228.00083333333336,296.05583333333334,3605.445416666667,45.62875,59.62833333333333,31.11958333333333,56.08541666666667,59.09791666666666,Delhi
2023-03-24,222.75708333333333,263.86125,2977.3716666666664,35.09166666666666,71.35875,20.90875,80.97958333333334,80.58541666666666,Delhi
2023-03-25,200.89041666666665,242.27541666666664,2733.7079166666667,17.445833333333333,81.27,23.73625,66.28166666666667,81.25125,Delhi
2023-03-26,138.95166666666668,192.29125,2155.42375,13.070416666666668,54.24666666666667,21.1525,56.98833333333334,44.8825,Delhi
2023-03-27,130.26083333333332,167.47125,1796.8808333333334,8.909166666666666,45.50083333333333,20.514166666666664,72.41333333333334,42.76541666666666,Delhi
2023-03-28,199.91583333333332,258.80291666666665,2899.2100000000005,29.093333333333334,61.634166666666665,29.05208333333333,54.7725,53.40625,Delhi
2023-03-29,469.695,566.6083333333333,6205.36,80.11166666666666,126.16666666666669,54.537083333333335,64.14375,117.04375,Delhi
2023-03-30,214.67166666666665,254.3841666666667,2417.16625,5.20375,80.47041666666667,20.4825,85.67041666666667,74.22708333333334,Delhi
2023-03-31,284.5466666666667,347.42125000000004,4328.09125,60.28333333333333,109.38666666666668,34.23291666666667,22.98625,115.6325,Delhi
2023-04-01,214.9428,260.9976,2660.1416000000004,20.072,58.6608,16.7812,59.2536,61.512,Delhi
2023-04-02,184.96875,228.16291666666663,2594.3529166666667,24.960416666666664,47.04166666666666,19.411666666666665,65.77416666666667,44.64416666666667,Delhi
2023-04-03,207.65916666666664,266.47625,2892.8116666666665,23.53333333333333,72.77333333333333,30.515833333333333,105.33458333333334,84.8775,Delhi
2023-04-04,91.14916666666666,126.92708333333331,1332.085,2.28375,43.94041666666666,20.404166666666665,100.01666666666668,51.48,Delhi
2023-04-05,89.83041666666666,120.90541666666668,1478.6720833333331,3.95375,46.93208333333334,22.30125,97.43166666666669,49.42333333333334,Delhi
2023-04-06,82.42375,115.35291666666669,1455.3070833333334,3.846666666666667,45.62458333333333,24.343333333333334,89.59083333333332,45.58708333333333,Delhi
2023-04-07,72.04166666666667,98.24791666666664,1258.6520833333334,2.3579166666666667,40.635,23.363333333333333,111.535,45.23041666666666,Delhi
2023-04-08,93.28416666666668,124.20791666666668,1528.18375,2.217083333333333,46.26791666666667,23.72833333333333,102.24,42.71666666666667,Delhi
2023-04-09,117.77666666666666,157.12375,1895.6266666666668,11.552083333333334,49.24625,25.20625,98.04708333333332,51.82625,Delhi
2023-04-10,129.57541666666663,169.86708333333334,2080.877916666667,18.41708333333333,51.045,29.917916666666667,94.65625,59.38583333333333,Delhi
2023-04-11,80.83166666666666,110.53958333333334,1219.4329166666666,6.317916666666666,33.37625,20.999583333333334,114.17458333333332,40.45625,Delhi
2023-04-12,42.93708333333333,69.53166666666667,896.4945833333333,1.9629166666666664,32.462916666666665,15.931666666666668,70.6525,30.37875,Delhi
2023-04-13,109.43,159.735,1692.5733333333335,7.473333333333333,48.38916666666666,26.361666666666665,97.56041666666668,53.46458333333334,Delhi
2023-04-14,166.08333333333334,233.0583333333333,2646.367083333333,15.575,71.83,30.40125,91.5575,72.43958333333333,Delhi
2023-04-15,204.16291666666663,287.2020833333333,3676.0966666666654,28.91625,94.78125,37.37166666666666,89.41375,79.16583333333334,Delhi
2023-04-16,182.115,266.94166666666666,3175.5575000000003,36.23416666666667,64.52958333333333,38.19125,67.2675,64.86041666666667,Delhi
2023-04-17,177.14499999999998,257.7758333333333,3353.9933333333333,43.085,78.67791666666666,52.71958333333333,72.3275,95.73416666666668,Delhi
2023-04-18,113.44291666666668,183.32541666666668,2160.8475,17.340416666666666,57.06875,25.844166666666663,62.72625,59.84333333333333,Delhi
2023-04-19,84.53791666666666,125.12958333333334,1405.7958333333331,6.890000000000001,43.01208333333333,22.5025,76.77916666666667,54.08083333333334,Delhi
2023-04-20,74.86125,105.84875,1409.1329166666667,10.850416666666668,41.44833333333333,21.925833333333333,67.92833333333333,57.03083333333333,Delhi
2023-04-21,78.31458333333333,119.69708333333334,1359.899583333333,4.2,45.02791666666667,22.765833333333333,97.89958333333334,57.77583333333334,Delhi
2023-04-22,97.02291666666667,134.46458333333334,1564.6208333333334,11.932083333333331,40.11375,21.21875,114.60541666666668,60.61833333333333,Delhi
2023-04-23,118.62125,167.18791666666667,2129.8329166666667,11.32125,59.32749999999999,26.620416666666667,62.147083333333335,65.03916666666667,Delhi
2023-04-24,98.94083333333332,133.02583333333334,1720.3891666666666,15.987083333333333,51.0375,25.625416666666663,75.97625000000001,72.22041666666667,Delhi
2023-04-25,134.34833333333333,183.67041666666668,2355.1379166666666,17.388333333333332,62.44041666666666,33.562916666666666,90.86791666666666,78.0825,Delhi
2023-04-26,180.43791666666667,244.07625,2940.653333333333,22.32375,70.54375,35.2125,68.63041666666668,78.26,Delhi
2023-04-27,330.42291666666665,417.2829166666667,4876.056250000001,55.634166666666665,126.5525,49.13791666666666,39.67333333333333,131.60791666666668,Delhi
2023-04-28,266.26708333333335,339.5520833333333,4081.0908333333336,41.05791666666666,98.92,37.23333333333333,54.60333333333333,94.87166666666668,Delhi
2023-04-29,197.54291666666663,258.29,3217.697083333333,35.95458333333333,64.36749999999999,31.10875,64.23708333333333,54.498333333333335,Delhi
2023-04-30,95.07166666666669,113.26166666666668,1383.5429166666663,3.57,53.56541666666666,10.06,62.55416666666667,68.22708333333334,Delhi
2023-05-01,78.236,95.5896,1341.0196,4.5680000000000005,63.4184,9.5964,18.6236,85.1828,Delhi
2023-05-02,86.79833333333333,110.35791666666668,1608.8483333333334,11.240833333333336,64.51833333333333,10.165833333333332,24.72583333333333,89.97458333333333,Delhi
2023-05-03,251.3995833333333,321.23125,4428.227916666667,61.27583333333333,95.82041666666667,39.89208333333333,43.93208333333333,111.2425,Delhi
2023-05-04,574.6495833333333,687.0866666666666,6923.27875,63.098333333333336,162.82416666666668,55.390833333333326,105.04458333333334,211.67583333333332,Delhi
2023-05-05,401.86625,465.0391666666667,4590.112916666666,24.16375,88.38041666666668,24.679583333333337,148.64041666666665,75.62833333333333,Delhi
2023-05-06,179.67791666666668,232.16416666666663,2937.3170833333334,22.292916666666667,63.40416666666667,26.731666666666666,88.63916666666667,52.00416666666666,Delhi
2023-05-07,132.18625,173.7025,1922.33,8.1975,48.21041666666667,23.620416666666667,132.9325,52.16458333333333,Delhi
2023-05-08,132.45791666666668,184.35916666666665,1894.2354166666669,9.174583333333333,50.58833333333333,26.3225,114.98125,60.90625,Delhi
2023-05-09,142.28458333333333,193.61333333333332,2054.870416666666,17.774166666666666,47.84291666666667,28.08458333333333,136.69041666666666,65.49583333333334,Delhi
2023-05-10,125.515,172.0,2368.2120833333333,10.215833333333334,63.04083333333333,32.47208333333334,96.84708333333332,66.20125,Delhi
2023-05-11,228.88041666666663,312.10291666666666,4222.115,49.67041666666666,81.30541666666666,40.927083333333336,104.43875,96.43083333333334,Delhi
2023-05-12,214.9275,271.72625,2971.250833333333,17.674583333333334,65.88208333333334,28.796666666666667,127.2575,65.87791666666666,Delhi
2023-05-13,149.38833333333335,195.31833333333336,1944.3041666666668,2.2516666666666665,59.09916666666667,24.36958333333333,140.49416666666667,70.41333333333334,Delhi
2023-05-14,220.1,302.2679166666667,3545.36375,29.40125,82.1475,39.967083333333335,87.05041666666666,95.02041666666666,Delhi
2023-05-15,224.43875,307.09250000000003,3431.0416666666665,23.7425,77.70583333333333,32.82583333333333,113.21166666666666,93.75791666666667,Delhi
2023-05-16,74.18583333333333,134.04541666666668,1272.8379166666666,6.259166666666666,38.35791666666667,19.996666666666663,76.17666666666666,37.61541666666667,Delhi
2023-05-17,70.93958333333333,130.68958333333333,1200.51625,3.4391666666666665,41.53041666666667,20.60875,90.3025,43.14416666666667,Delhi
2023-05-18,90.68458333333332,139.63625,1152.3970833333333,3.25625,34.99375,19.519583333333333,148.46,52.95916666666667,Delhi
2023-05-19,90.74458333333332,133.07458333333332,1433.3329166666665,1.4087500000000002,42.016666666666666,21.812083333333334,116.91125,42.14,Delhi
2023-05-20,132.95583333333337,193.04708333333332,2286.0170833333336,11.06125,57.78666666666667,24.64125,85.75166666666667,53.90708333333333,Delhi
2023-05-21,89.99374999999999,162.20666666666668,1544.1779166666663,8.28,43.74333333333333,22.625,93.10125,47.72333333333333,Delhi
2023-05-22,87.95958333333334,184.2725,1690.62625,14.878333333333332,41.65833333333334,23.55208333333333,61.20166666666666,46.73,Delhi
2023-05-23,101.75916666666669,192.12708333333333,1945.9729166666664,22.309166666666663,45.16166666666666,29.93458333333333,42.78875,62.395833333333336,Delhi
2023-05-24,192.38916666666668,255.7458333333333,2683.64,28.615416666666665,60.65,30.469583333333333,87.18833333333333,91.59208333333332,Delhi
2023-05-25,199.1241666666667,266.9120833333333,3472.765833333333,58.53208333333333,61.79083333333333,30.354166666666668,79.72916666666667,73.66166666666668,Delhi
2023-05-26,252.66166666666663,336.3929166666667,4093.6083333333336,53.803333333333335,93.80083333333332,42.93333333333334,96.51625,93.86666666666667,Delhi
2023-05-27,114.44541666666667,155.0325,1967.9458333333332,14.89125,54.96541666666667,24.40083333333333,65.93833333333333,48.905,Delhi
2023-05-28,273.87291666666664,360.6954166666667,3993.47125,24.90083333333333,106.53041666666668,37.20875,84.30458333333333,99.04375,Delhi
2023-05-29,214.07625,264.10125,2257.5066666666667,3.945,71.14416666666666,19.7225,116.06791666666668,87.9175,Delhi
2023-05-30,319.4116666666667,403.27375,3784.02125,30.449583333333333,83.36874999999999,30.734583333333333,130.85208333333333,95.54583333333332,Delhi
2023-05-31,235.86125,292.375,3283.898333333333,30.84583333333333,63.51125,17.032083333333333,69.11916666666666,52.41166666666667,Delhi
2023-06-01,226.6228,277.4236,3117.5608,22.4088,70.8836,21.0504,111.1792,71.21,Delhi
2023-06-02,149.265,199.4775,2290.605833333333,13.902083333333332,55.42791666666667,22.203333333333333,95.63625,56.90208333333334,Delhi
2023-06-03,129.485,163.51125,1951.8133333333333,7.990000000000001,45.1325,21.41375,111.03625,41.385,Delhi
2023-06-04,112.90833333333336,146.38666666666668,1773.2379166666667,5.314166666666666,48.71833333333333,23.1775,101.01333333333334,45.78625,Delhi
2023-06-05,184.99750000000003,252.69375,2784.8875000000003,17.717499999999998,62.65416666666667,30.94125,95.68,58.51125,Delhi
2023-06-06,159.08875,213.72666666666663,2473.07625,13.532083333333333,61.54083333333333,31.079166666666666,104.76083333333332,68.32583333333334,Delhi
2023-06-07,131.235,177.57500000000002,2144.018333333333,14.912083333333332,49.0925,27.197916666666668,96.63375,55.26333333333333,Delhi
2023-06-08,103.96791666666668,141.59125,1734.5745833333333,10.51625,43.79416666666666,25.87833333333333,107.09666666666668,53.41666666666666,Delhi
2023-06-09,85.67750000000001,130.16833333333332,1418.3120833333332,3.85875,40.95291666666667,21.825,95.76916666666666,40.66125,Delhi
2023-06-10,56.575,104.01833333333332,1095.3745833333337,3.75625,34.32333333333333,17.347916666666666,66.56666666666666,30.234166666666667,Delhi
2023-06-11,51.73708333333334,117.33458333333331,893.4345833333333,3.06125,27.65,16.612083333333334,67.70791666666666,27.63125,Delhi
2023-06-12,58.665416666666665,141.78583333333333,917.7720833333332,4.077500000000001,27.62208333333333,18.16541666666667,74.23125,33.15541666666667,Delhi
2023-06-13,33.03125,68.77458333333333,772.0191666666666,1.3929166666666666,26.79458333333333,17.255416666666665,62.779583333333335,27.3975,Delhi
2023-06-14,27.867500000000003,56.35333333333333,746.84625,0.80375,26.64375,14.785833333333334,59.94375,25.45625,Delhi
2023-06-15,19.799166666666668,37.59458333333333,504.01666666666665,0.8408333333333333,17.390833333333333,10.190416666666666,77.635,22.73875,Delhi
2023-06-16,45.22916666666666,65.24291666666666,977.9925,1.8454166666666667,36.56458333333333,14.529583333333331,72.03666666666668,30.46875,Delhi
2023-06-17,80.68958333333333,111.96708333333332,1818.8554166666663,21.35083333333333,39.27458333333333,20.065416666666668,52.599583333333335,38.95125,Delhi
2023-06-18,67.04708333333333,91.21208333333334,1485.48625,15.620833333333332,42.10541666666666,17.809583333333332,51.85083333333333,50.61416666666667,Delhi
2023-06-19,102.83,139.99458333333334,1894.2354166666669,15.715833333333334,72.13041666666668,22.76708333333333,19.570833333333333,90.47958333333334,Delhi
2023-06-20,94.87583333333332,121.79166666666669,1585.205416666667,7.23875,52.61666666666667,18.06,83.24666666666667,61.45166666666666,Delhi
2023-06-21,158.22083333333333,195.19000000000003,2162.377916666667,8.535416666666666,100.6625,15.955833333333333,25.58875,113.32791666666668,Delhi
2023-06-22,116.98,157.10583333333332,2001.6041666666667,19.58083333333333,72.54416666666667,17.08125,7.917916666666667,74.64541666666666,Delhi
2023-06-23,171.36166666666668,210.095,2118.9841666666666,14.129583333333334,74.38666666666667,12.607083333333334,64.7625,101.94333333333331,Delhi
2023-06-24,228.4775,258.1875,2120.6541666666667,3.10625,59.89166666666667,9.50625,208.0975,90.91625,Delhi
2023-06-25,132.68708333333333,161.14958333333334,2051.67125,12.628333333333332,74.82875,11.752083333333331,16.794999999999998,98.52625,Delhi
2023-06-26,146.16916666666663,176.70291666666665,2378.225,27.199166666666667,82.12666666666667,11.674583333333333,39.3175,120.16375,Delhi
2023-06-27,140.76708333333332,167.96666666666667,2073.9225,20.95833333333333,97.16458333333333,9.83375,6.605,126.46166666666666,Delhi
2023-06-28,103.07791666666668,125.81541666666668,1532.0775,5.038333333333333,60.090833333333336,11.850416666666668,84.75958333333334,80.00041666666667,Delhi
2023-06-29,72.1425,97.61458333333331,1616.08125,9.43625,61.93416666666667,11.88125,11.72,75.51833333333333,Delhi
2023-06-30,93.46875,113.28583333333334,1342.9329166666666,2.617083333333333,57.34875,10.32875,98.04125,90.99708333333332,Delhi
2023-07-01,80.00399999999999,98.8332,1264.1144,2.6615999999999995,41.0736,9.2948,100.4952,61.9316,Delhi
2023-07-02,171.96416666666667,210.21375,2179.6229166666667,13.310416666666669,53.73833333333334,17.89125,120.44375,59.156666666666666,Delhi
2023-07-03,242.60083333333333,303.77625,2943.4354166666667,21.825,72.62208333333334,31.05375,127.34250000000002,75.48875,Delhi
2023-07-04,152.57166666666666,178.0845833333333,1442.5129166666666,1.81375,43.98374999999999,11.8625,160.57500000000002,67.09458333333333,Delhi
2023-07-05,73.31458333333333,86.18875000000001,1359.0654166666666,8.607916666666666,50.380833333333335,8.8075,51.13,90.22125,Delhi
2023-07-06,67.87333333333333,84.06791666666668,1426.9350000000002,8.819166666666666,56.2775,10.789583333333333,39.45791666666667,81.51958333333333,Delhi
2023-07-07,50.60375,61.99458333333334,1134.5941666666668,5.375416666666666,52.65208333333334,8.270833333333334,14.30625,72.7075,Delhi
2023-07-08,46.42333333333334,53.62833333333333,970.76125,3.27625,39.96375,4.948333333333333,17.46875,50.01833333333334,Delhi
2023-07-09,40.71041666666667,49.91416666666667,1120.4091666666666,3.3654166666666665,41.27,6.130416666666666,7.592083333333334,44.1475,Delhi
2023-07-10,128.07208333333332,163.12208333333334,2430.516666666667,48.247083333333336,59.19208333333333,14.560833333333331,0.04375,110.62666666666668,Delhi
2023-07-11,136.51874999999998,162.60333333333332,1881.440833333333,13.364583333333334,67.61749999999999,11.637916666666667,53.29416666666666,99.53958333333333,Delhi
2023-07-12,98.33958333333334,120.535,1683.3941666666667,29.374583333333334,64.74666666666667,9.615416666666668,0.44125,117.14208333333332,Delhi
2023-07-13,99.65291666666668,124.575,2045.5520833333333,31.664166666666663,60.77708333333334,9.94125,3.06375,96.34125,Delhi
2023-07-14,141.45083333333335,185.24625,3024.6579166666666,56.84583333333333,63.86083333333334,19.13083333333333,4.359583333333333,73.41291666666667,Delhi
2023-07-15,53.63125,68.66916666666667,1256.149583333333,12.757083333333334,44.04125,9.380833333333332,1.7225,47.44541666666667,Delhi
2023-07-16,209.8175,266.6879166666667,4016.55875,93.09416666666664,71.0725,28.03916666666667,3.942083333333333,95.62583333333332,Delhi
2023-07-17,165.24458333333334,201.01125,3019.094583333333,50.00416666666666,64.76083333333334,16.049583333333334,9.9875,76.06541666666666,Delhi
2023-07-18,58.178333333333335,68.2275,1039.7445833333334,2.2670833333333333,48.82416666666666,7.210833333333333,11.471666666666666,58.67041666666666,Delhi
2023-07-19,48.3,59.74,907.9,3.19,33.24,6.14,1.4,41.48,Delhi
2023-07-20,281.9834782608696,343.43782608695653,3740.145217391304,38.70304347826088,87.30608695652174,18.96913043478261,134.02434782608697,107.15347826086956,Delhi
2023-07-21,85.38458333333334,107.00875,1340.7066666666667,3.2579166666666666,52.99458333333333,14.712083333333332,51.37583333333333,55.135,Delhi
2023-07-22,35.395833333333336,45.54583333333333,784.9533333333334,0.4533333333333333,36.5425,10.246666666666668,35.96,48.26958333333334,Delhi
2023-07-23,25.075,34.3525,680.9229166666667,1.2579166666666668,32.73083333333333,9.984166666666669,33.8475,45.5375,Delhi
2023-07-24,76.61666666666666,90.69791666666669,1089.5325,3.372916666666667,49.809583333333336,9.571666666666667,75.59541666666667,68.86208333333333,Delhi
2023-07-25,66.47416666666668,78.89125,1179.09875,1.6770833333333333,54.60791666666666,9.661666666666669,39.75541666666667,62.86333333333334,Delhi
2023-07-26,212.2829166666667,257.8275,3639.379166666667,65.58,71.45958333333333,15.156666666666666,-406.5275000000001,85.75083333333333,Delhi
2023-07-27,305.12625,360.6,4768.689583333334,109.3,76.885,18.65625,2.429583333333333,107.52708333333334,Delhi
2023-07-28,125.74875,152.01416666666668,2307.2954166666664,39.505,56.00708333333333,11.35875,11.045,62.1275,Delhi
2023-07-29,33.922916666666666,47.65958333333333,882.86375,3.845,30.39583333333333,7.278333333333333,37.44791666666666,25.530416666666667,Delhi
2023-07-30,29.019583333333333,42.156666666666666,626.1270833333333,1.6129166666666668,22.06625,7.539583333333333,67.68083333333334,26.195833333333336,Delhi
2023-07-31,49.619166666666665,75.30333333333333,771.3245833333334,2.325416666666667,28.110416666666666,9.061666666666666,79.15458333333333,35.20625,Delhi
2023-08-01,40.8344,74.72399999999999,654.4876,1.5776,23.6844,9.3676,71.1104,27.008000000000003,Delhi
2023-08-02,148.66541666666666,207.73041666666663,2782.384583333333,57.73833333333334,44.677083333333336,20.2975,31.07,53.34625,Delhi
2023-08-03,86.07375,118.28416666666668,1782.138333333333,23.605833333333333,40.876666666666665,11.382083333333334,18.355833333333333,47.63291666666667,Delhi
2023-08-04,232.51458333333332,293.9579166666667,4127.82,92.4725,60.9475,16.52,1.1454166666666667,88.73166666666667,Delhi
2023-08-05,120.04125,161.55666666666667,2510.3491666666664,49.28916666666667,43.22666666666667,14.686666666666667,8.636666666666667,46.05375,Delhi
2023-08-06,66.74958333333333,108.08041666666666,1402.5966666666666,23.54458333333333,24.24208333333333,13.904166666666669,34.752916666666664,25.320833333333336,Delhi
2023-08-07,23.487916666666667,58.00416666666666,487.46583333333336,1.5304166666666663,17.175833333333333,9.47375,60.06541666666666,19.034166666666668,Delhi
2023-08-08,27.5625,71.71291666666667,639.7566666666667,1.48625,25.81833333333333,11.914166666666668,33.490833333333335,22.0975,Delhi
2023-08-09,49.66875,95.895,1193.00625,16.3075,30.237916666666667,17.508333333333333,32.035833333333336,31.035,Delhi
2023-08-10,79.89625,132.18375,1942.0779166666669,39.80958333333333,38.46416666666666,23.200833333333332,24.157083333333333,39.607083333333335,Delhi
2023-08-11,43.64291666666667,74.57000000000001,1091.48,9.588333333333331,36.87833333333334,19.120416666666667,41.14791666666667,32.92166666666667,Delhi
2023-08-12,22.751666666666665,47.39333333333334,484.68458333333336,1.044166666666667,17.16208333333333,10.365416666666668,56.83291666666667,16.814166666666665,Delhi
2023-08-13,20.445,43.27375,534.7529166666667,0.7770833333333332,21.058333333333334,11.443333333333332,34.80458333333333,18.32375,Delhi
2023-08-14,41.10541666666666,62.96208333333334,964.6408333333334,6.61625,35.48583333333333,16.15458333333333,17.399583333333332,37.312916666666666,Delhi
2023-08-15,234.33166666666668,297.3170833333333,3539.245416666666,37.87125,75.25666666666667,24.418333333333333,73.06958333333334,65.78458333333333,Delhi
2023-08-16,162.43166666666667,231.20791666666665,3057.2016666666664,52.31583333333333,51.22375,28.90041666666667,47.59166666666667,50.215833333333336,Delhi
2023-08-17,84.05833333333334,159.53958333333333,1816.4904166666663,32.41875,36.125416666666666,24.401666666666667,40.940000000000005,38.51375,Delhi
2023-08-18,146.65416666666667,240.50583333333336,2401.03375,26.879583333333333,56.0225,26.826666666666668,44.56458333333333,52.56208333333333,Delhi
2023-08-19,150.37833333333333,180.94708333333332,1883.1091666666669,6.809166666666666,57.53458333333334,11.619583333333331,74.75916666666667,61.85125,Delhi
2023-08-20,68.35708333333334,85.29791666666667,1128.7529166666666,1.2545833333333334,37.94291666666667,11.90875,69.54708333333333,39.61625,Delhi
2023-08-21,124.86583333333331,153.10375000000002,1910.36875,4.787916666666667,65.47375000000001,19.49625,84.95166666666667,70.12541666666667,Delhi
2023-08-22,112.68125,132.89041666666665,1604.39875,6.677500000000001,75.89958333333334,11.421666666666669,25.33125,95.87416666666668,Delhi
2023-08-23,82.47875,107.28083333333336,1628.875,36.365,48.82458333333333,12.255,1.665,80.815,Delhi
2023-08-24,29.00583333333333,63.492916666666666,780.9200000000001,4.225416666666667,30.72375,14.996666666666668,18.945833333333333,27.08,Delhi
2023-08-25,29.286666666666665,73.53916666666667,663.2604166666666,2.464583333333333,27.325833333333332,14.441249999999998,42.22291666666667,24.770416666666662,Delhi
2023-08-26,28.58375,61.3525,644.3454166666667,2.68,22.65458333333333,13.297916666666666,55.23333333333333,21.67125,Delhi
2023-08-27,40.55833333333333,84.66333333333334,926.95125,9.05,25.758333333333336,16.534583333333334,45.70875,23.505,Delhi
2023-08-28,53.361250000000005,108.35041666666666,997.88,6.2875000000000005,37.282916666666665,15.146666666666668,41.20916666666667,30.815416666666668,Delhi
2023-08-29,118.23583333333332,207.48875,2338.5875,43.52791666666667,38.72083333333333,27.46708333333333,40.32708333333333,41.59375,Delhi
2023-08-30,155.655,250.16333333333333,2527.872083333333,41.22666666666667,41.75125,29.65,53.49458333333333,46.93958333333333,Delhi
2023-08-31,195.5433333333333,305.00875,3493.347916666667,69.47625000000001,45.83541666666667,36.14625,47.71833333333333,59.605,Delhi
2023-09-01,122.3816,208.7916,2308.464,37.528400000000005,44.3732,28.678800000000003,46.9932,46.616400000000006,Delhi
2023-09-02,65.13125000000001,114.62166666666668,1371.7216666666666,17.09375,32.33583333333333,22.554166666666664,50.75666666666667,31.749166666666667,Delhi
2023-09-03,60.62166666666667,108.32625,1288.83125,11.32875,35.31916666666667,21.094166666666663,48.37958333333333,31.535833333333333,Delhi
2023-09-04,93.65083333333332,153.20833333333334,1606.3433333333332,11.870833333333332,44.12958333333333,26.24833333333333,51.13458333333333,47.18625,Delhi
2023-09-05,332.7454166666667,409.8083333333333,4199.585,56.47625,96.33416666666666,24.14208333333333,61.55,110.14875,Delhi
2023-09-06,456.5625,558.835,6365.020416666666,99.67958333333333,132.31958333333333,60.51083333333333,74.97083333333333,186.00666666666663,Delhi
2023-09-07,277.50291666666664,336.13875,3618.240416666667,22.989166666666662,114.04291666666668,31.39583333333333,119.41041666666666,135.48125000000002,Delhi
2023-09-08,178.23416666666665,216.98166666666663,2377.1125,23.006666666666664,71.9875,18.914166666666667,75.51791666666666,95.52541666666669,Delhi
2023-09-09,52.53375,64.33166666666666,955.4620833333332,4.450833333333333,36.928333333333335,6.408333333333334,26.206666666666667,51.68666666666667,Delhi
2023-09-10,48.35541666666666,61.41625,1068.950833333333,11.199166666666663,36.571666666666665,6.5425,10.965000000000002,63.75625,Delhi
2023-09-11,88.34166666666665,112.57291666666669,1435.28,12.222499999999998,44.48375000000001,11.232916666666666,55.11000000000001,70.14458333333333,Delhi
2023-09-12,205.44708333333332,251.22416666666663,2811.0358333333334,29.35208333333333,81.21291666666666,19.445416666666667,79.40708333333333,103.72291666666666,Delhi
2023-09-13,222.3970833333333,268.2858333333333,2858.320833333333,23.144583333333333,103.91791666666668,15.036666666666669,42.3675,124.92166666666668,Delhi
2023-09-14,226.305,280.56166666666667,3801.26625,63.68625,74.11458333333333,16.867083333333333,8.820416666666667,93.26166666666668,Delhi
2023-09-15,220.99916666666664,263.8025,3179.3120833333337,54.13875,74.37083333333332,13.079166666666666,5.8425,111.25208333333336,Delhi
2023-09-16,50.3225,62.90416666666667,901.7795833333332,4.838333333333333,34.45875,7.135833333333333,31.501666666666665,49.650416666666665,Delhi
2023-09-17,51.415416666666665,58.84041666666667,851.7104166666667,2.32875,36.685833333333335,5.644583333333333,17.930416666666666,49.3725,Delhi
2023-09-18,49.04416666666666,63.36666666666667,1007.19875,4.463333333333334,39.10625,9.656666666666666,34.61416666666667,41.40541666666667,Delhi
2023-09-19,175.02541666666664,228.16375,3316.4425,62.177083333333336,52.85125,18.83833333333333,41.49958333333333,61.32333333333333,Delhi
2023-09-20,372.1175,443.8275,4849.910833333333,53.83208333333334,99.56333333333332,25.410833333333333,57.611250000000005,88.5125,Delhi
2023-09-21,474.79,557.5091666666666,5241.5529166666665,63.3125,95.92083333333332,24.680000000000003,76.40333333333334,100.53291666666668,Delhi
2023-09-22,372.67291666666665,428.8045833333333,3962.595833333333,34.28958333333333,108.63041666666668,14.679583333333332,48.001666666666665,111.62958333333334,Delhi
2023-09-23,310.20916666666665,366.37875,3439.6650000000004,38.05833333333333,74.08624999999999,16.933333333333334,65.52416666666667,90.30041666666666,Delhi
2023-09-24,264.00208333333336,338.99291666666664,4215.995833333333,78.70708333333333,52.76624999999999,44.755833333333335,45.70625,73.75,Delhi
2023-09-25,441.0254166666667,556.715,5800.08875,84.56958333333334,101.70416666666668,48.71083333333333,58.01208333333333,142.01791666666665,Delhi
2023-09-26,297.37625,374.3229166666667,3440.7775,39.20708333333334,77.6275,22.03333333333333,72.71916666666667,98.11,Delhi
2023-09-27,159.12,215.6525,2249.717083333333,14.742083333333332,57.86375,22.3825,63.91625,53.97208333333333,Delhi
2023-09-28,203.66583333333327,287.4770833333333,2911.727083333333,23.34125,69.84458333333333,29.137083333333333,70.42125,61.134166666666665,Delhi
2023-09-29,388.3766666666666,521.1633333333333,5671.580416666667,78.99249999999999,106.16708333333334,47.89333333333334,70.32,105.02291666666667,Delhi
2023-09-30,487.94,604.03,6141.66,76.0,67.17,10.01,0.0,34.81,Delhi
2023-10-01,,,,,,,,,Delhi
2023-10-02,142.6295652173913,196.4,1931.3160869565213,9.727391304347826,53.55478260869565,28.090869565217396,86.27913043478262,54.98173913043478,Delhi
2023-10-03,120.48333333333332,164.67333333333332,1752.6541666666665,5.852916666666666,53.22958333333333,28.050833333333333,65.65625,45.41875,Delhi
2023-10-04,154.12,208.95,1928.1704166666668,7.23,53.66583333333333,25.427916666666665,76.49875,47.62375,Delhi
2023-10-05,220.6341666666667,300.3858333333333,3066.659166666667,34.64791666666667,62.76208333333333,33.475,58.20916666666667,57.08041666666667,Delhi
2023-10-06,388.6925,517.1783333333334,5787.570833333334,87.41125,98.335,47.58166666666667,49.55458333333333,74.515,Delhi
2023-10-07,189.07833333333332,278.46750000000003,3165.960416666667,47.54083333333333,57.71041666666667,30.230833333333333,49.2525,48.59791666666666,Delhi
2023-10-08,177.48458333333335,276.4008333333333,3099.759583333333,57.520833333333336,47.92083333333333,35.97208333333334,48.06375,53.30625,Delhi
2023-10-09,138.35708333333335,225.50333333333333,2638.9958333333334,46.305,53.212916666666665,34.129583333333336,42.127500000000005,53.673750000000005,Delhi
2023-10-10,183.33166666666668,276.36041666666665,3374.2983333333336,63.861250000000005,62.96208333333333,36.66375,41.1325,62.95125,Delhi
2023-10-11,171.37458333333333,234.4670833333333,2275.86375,11.835,62.240833333333335,26.16625,52.989583333333336,51.46875,Delhi
2023-10-12,260.82625,335.6454166666667,3712.256666666666,39.65833333333333,76.82083333333334,34.40375,55.9575,64.3725,Delhi
2023-10-13,387.5741666666667,501.285,5786.18,90.61541666666666,88.66624999999999,43.140833333333326,49.15583333333333,80.05,Delhi
2023-10-14,351.81625,456.11,5043.506249999999,78.5325,78.22,39.21958333333333,51.41625,80.625,Delhi
2023-10-15,259.99666666666667,330.11791666666664,3687.222916666667,43.85583333333333,88.18791666666668,30.925416666666667,50.85708333333333,63.865833333333335,Delhi
2023-10-16,84.15541666666667,110.43583333333332,1613.5766666666666,12.055,61.219166666666666,14.341666666666669,19.600416666666664,58.59,Delhi
2023-10-17,352.84458333333333,434.2895833333334,4942.815,98.34125,105.34541666666668,31.546666666666667,15.170833333333334,116.945,Delhi
2023-10-18,111.91041666666666,140.71625,1471.7179166666667,3.405,48.90958333333333,19.464166666666667,56.15875,42.19041666666666,Delhi
2023-10-19,149.6470833333333,186.8258333333333,1934.2891666666667,4.535,61.640833333333326,22.40833333333333,66.455,51.38916666666666,Delhi
2023-10-20,197.7933333333333,248.8683333333333,2735.3766666666666,15.929583333333332,79.29916666666666,26.02,63.265416666666674,61.15416666666667,Delhi
2023-10-21,324.38375,411.31666666666666,4670.222916666667,56.71458333333334,90.96625,47.82708333333333,61.15916666666667,83.65416666666667,Delhi
2023-10-22,287.6929166666667,351.5316666666667,3379.0275,27.860416666666666,78.42833333333333,34.620416666666664,85.32875,83.4075,Delhi
2023-10-23,199.9245833333333,257.53291666666667,3032.445833333333,31.562916666666663,68.68041666666666,29.62375,47.90375,57.84625,Delhi
2023-10-24,139.22833333333332,187.05416666666667,2254.445833333333,17.735,62.239583333333336,28.00708333333333,46.06041666666667,53.37583333333333,Delhi
2023-10-25,137.16708333333335,175.17208333333335,1947.64125,5.914166666666667,57.12833333333333,26.2175,67.40124999999999,49.48208333333333,Delhi
2023-10-26,153.69750000000002,191.77083333333331,1873.375,2.3120833333333333,57.49208333333333,25.23708333333333,82.87291666666667,51.120000000000005,Delhi
2023-10-27,201.96833333333333,273.08875,3469.70625,41.69541666666667,84.83833333333334,44.47291666666666,37.56208333333333,70.035,Delhi
2023-10-28,325.00875,400.35583333333335,4456.599999999999,29.618333333333336,151.20041666666663,56.400416666666665,42.5325,110.58625,Delhi
2023-10-29,343.12041666666664,448.79875,4068.018333333333,28.565416666666668,109.24458333333332,48.41375,42.255833333333335,90.47958333333334,Delhi
2023-10-30,322.82375,436.7320833333333,4014.8891666666655,39.58,95.04958333333332,35.99333333333333,35.369166666666665,87.61833333333334,Delhi
2023-10-31,385.88208333333336,509.565,4874.389166666667,53.96833333333333,121.83958333333334,45.04416666666666,27.74791666666667,125.98458333333332,Delhi
2023-11-01,328.452,425.4824,4267.12,46.5032,99.7472,39.872800000000005,33.1548,95.9968,Delhi
2023-11-02,235.32916666666665,316.23,3717.2645833333336,44.977916666666665,85.57458333333334,34.2675,33.60375,64.92958333333333,Delhi
2023-11-03,210.98833333333332,290.27458333333334,3668.8645833333335,59.03416666666666,76.28541666666666,32.81375,26.10208333333333,62.05916666666667,Delhi
2023-11-04,175.215,232.50375,2683.639583333333,18.6225,73.16458333333334,30.84708333333333,48.25833333333333,56.97208333333333,Delhi
2023-11-05,218.0041666666667,290.06583333333333,3567.0595833333336,40.17125,85.5025,41.87708333333333,33.06166666666667,67.82041666666667,Delhi
2023-11-06,348.2270833333334,464.61083333333335,5202.054999999999,65.56666666666666,109.37333333333332,58.11041666666667,40.42125,108.54041666666666,Delhi
2023-11-07,293.6295833333333,391.6216666666666,4410.425,61.38291666666667,97.735,43.560833333333335,31.434166666666663,85.29541666666667,Delhi
2023-11-08,248.71958333333336,342.07916666666665,3850.221666666667,54.075,87.96041666666667,43.59291666666667,26.607083333333332,76.35416666666667,Delhi
2023-11-09,295.4458333333333,400.9891666666667,4716.396250000001,70.74041666666666,93.62125,44.989583333333336,29.88625,75.5,Delhi
2023-11-10,254.5283333333333,322.32625,3548.7016666666664,42.285833333333336,83.13916666666667,25.411666666666665,17.034583333333334,73.05541666666666,Delhi
2023-11-11,173.4466666666667,225.5858333333333,2545.9529166666666,26.194166666666664,57.5,17.550416666666667,28.946250000000003,43.77,Delhi
2023-11-12,168.07291666666666,209.23166666666663,2423.842083333333,17.108333333333334,62.83916666666667,17.3825,34.63791666666667,38.42541666666667,Delhi
2023-11-13,323.65375,411.03541666666666,4419.326666666667,41.99166666666667,105.475,38.72625,40.00791666666667,86.43666666666667,Delhi
2023-11-14,300.73041666666666,370.9954166666666,3958.7016666666655,31.89625,95.42083333333332,29.06833333333333,41.9125,60.935833333333335,Delhi
2023-11-15,298.71166666666664,373.56708333333336,3948.6883333333335,42.895833333333336,88.28166666666665,32.969166666666666,33.15958333333334,62.48666666666667,Delhi
2023-11-16,474.9175,595.5204166666666,6005.923750000001,80.20125,118.4975,52.89208333333334,30.4325,128.92458333333337,Delhi
2023-11-17,549.4266666666666,683.7008333333333,6776.969166666667,106.95041666666668,151.20000000000002,91.94541666666667,17.347083333333334,187.47625,Delhi
2023-11-18,324.2225,389.0758333333333,3812.393333333333,47.73041666666666,97.935,39.42,24.661666666666665,82.205,Delhi
2023-11-19,438.8979166666666,529.0925,5659.62,89.93708333333335,138.29125,78.22,24.349166666666665,156.12416666666667,Delhi
2023-11-20,470.1641666666667,567.63,5020.697916666667,62.62291666666667,110.3725,36.60875,29.705,89.12833333333333,Delhi
2023-11-21,210.51791666666668,245.97958333333332,2097.2883333333334,12.712083333333332,52.96541666666667,22.113333333333333,63.580000000000005,45.60708333333333,Delhi
2023-11-22,250.9808333333333,304.98291666666665,2902.26875,19.11458333333333,75.95708333333333,26.03458333333333,40.20916666666667,52.94875,Delhi
2023-11-23,564.6829166666666,693.48375,6507.714583333333,106.68291666666666,181.38916666666668,64.50125,16.80375,239.27291666666667,Delhi
2023-11-24,575.7395833333334,685.25,5965.868750000001,74.03583333333333,137.0625,34.444583333333334,23.990416666666665,117.2525,Delhi
2023-11-25,424.5654166666666,505.7629166666666,5034.607083333333,59.111250000000005,115.58458333333334,47.36083333333334,31.457083333333333,94.21625,Delhi
2023-11-26,430.62375,501.39125,3798.485,24.68541666666667,95.33416666666666,24.58,31.86583333333333,72.0625,Delhi
2023-11-27,405.61375,469.1904166666666,3639.93625,35.45125,82.79625,26.17708333333333,16.412916666666668,62.43541666666667,Delhi
2023-11-28,383.17041666666665,457.4995833333333,4687.4679166666665,90.18375,85.51,25.433333333333334,4.054583333333333,93.32125,Delhi
2023-11-29,326.1616666666667,395.925,4731.416666666667,75.23916666666666,95.22125,30.37291666666667,19.142916666666668,81.63833333333334,Delhi
2023-11-30,281.6045833333333,351.035,3281.1175,35.38875,72.68708333333333,16.032083333333333,15.9375,69.24041666666666,Delhi
2023-12-01,259.7364,323.9624,3554.1536,48.214000000000006,75.0424,20.402,16.293999999999997,60.196000000000005,Delhi
2023-12-02,210.91375,271.12916666666666,3065.267916666667,37.51166666666666,64.37541666666667,20.29625,21.932916666666667,48.35958333333334,Delhi
2023-12-03,218.0325,275.9458333333333,3014.644166666667,30.171666666666667,71.0725,24.661666666666665,28.30666666666667,53.67250000000001,Delhi
2023-12-04,237.84458333333336,300.92875,3198.7833333333333,31.49833333333333,73.14375,28.08333333333333,25.5175,59.465,Delhi
2023-12-05,214.26416666666668,270.5991666666667,2933.978333333333,34.260416666666664,64.47541666666667,21.63,20.601666666666667,51.08125,Delhi
2023-12-06,301.0570833333333,376.8175,4013.220833333333,54.80875,93.10625,30.54083333333333,15.52,83.42708333333333,Delhi
2023-12-07,329.15125,391.97875,3706.69375,44.17291666666667,77.36958333333332,21.1525,25.107083333333332,55.69125,Delhi
2023-12-08,277.5441666666666,325.70958333333334,2931.7533333333336,19.047083333333333,73.41458333333334,18.101666666666667,35.15208333333333,47.037083333333335,Delhi
2023-12-09,230.92791666666665,269.8975,2179.0658333333336,7.304166666666667,59.77875,16.397916666666667,41.84041666666667,39.84583333333333,Delhi
2023-12-10,190.4729166666667,234.36791666666667,1768.7870833333334,3.3404166666666666,50.7375,13.18125,54.267500000000005,34.639583333333334,Delhi
2023-12-11,410.9483333333333,530.5875,5415.6779166666665,96.005,102.6175,46.22083333333333,16.041666666666668,90.9275,Delhi
2023-12-12,407.1070833333333,523.8166666666667,5153.934583333334,84.52166666666666,109.17333333333332,55.32125,19.59958333333333,108.02416666666666,Delhi
2023-12-13,364.7604166666667,459.3779166666666,4585.663750000001,68.40083333333332,88.95083333333334,29.78375,19.90333333333333,69.07125,Delhi
2023-12-14,266.845,322.8895833333333,2739.8266666666664,24.22833333333333,68.77374999999999,17.33458333333333,28.149583333333336,41.96125,Delhi
2023-12-15,511.47125,616.8829166666667,5059.082916666667,66.6575,114.24166666666667,37.395833333333336,23.469583333333333,84.52958333333333,Delhi
2023-12-16,410.6954166666667,489.965,3715.59375,38.05791666666666,82.85541666666667,26.06625,28.069166666666664,51.57749999999999,Delhi
2023-12-17,280.17375,339.62041666666664,2831.0620833333337,27.83458333333333,69.08083333333333,18.985,28.383333333333336,41.43541666666667,Delhi
2023-12-18,147.0175,177.16166666666666,1599.6691666666666,5.34,45.068333333333335,17.678333333333335,55.82125,36.895833333333336,Delhi
2023-12-19,139.96541666666667,170.70541666666668,1673.9370833333332,4.46875,52.59375,19.27083333333333,48.91083333333333,40.43208333333333,Delhi
2023-12-20,288.8825,354.63125,3316.7208333333333,34.36666666666667,79.2275,24.200416666666666,22.335416666666664,52.640833333333326,Delhi
2023-12-21,370.555,443.6229166666667,3534.794583333334,34.64833333333333,73.72958333333334,20.585833333333333,29.484166666666667,50.41458333333333,Delhi
2023-12-22,584.9116666666666,690.5591666666668,5523.046666666666,63.58375,127.80958333333332,30.52208333333333,19.11875,102.71791666666668,Delhi
2023-12-23,558.48875,646.2083333333334,5100.24875,57.15,124.49625,33.528333333333336,30.522916666666664,86.65583333333332,Delhi
2023-12-24,401.385,477.25375,3938.674583333333,56.428333333333335,84.93875,21.03875,13.450416666666667,74.11916666666666,Delhi
2023-12-25,363.905,433.51375,3686.1104166666655,45.72583333333333,76.09958333333334,24.187083333333334,20.980416666666667,56.32583333333333,Delhi
2023-12-26,561.0366666666667,665.9358333333333,5605.38,66.32833333333333,117.985,37.1025,23.44333333333333,89.38708333333334,Delhi
2023-12-27,576.0266666666666,664.33875,4906.654166666666,52.66458333333333,104.70333333333332,23.90625,30.54875,76.12458333333333,Delhi
2023-12-28,555.9716666666667,645.5325,4917.780833333333,52.2275,104.76,31.505,20.730833333333333,86.94291666666668,Delhi
2023-12-29,825.6170833333334,929.86875,7120.76875,120.19625,165.10958333333335,33.53541666666667,4.440833333333333,167.62833333333333,Delhi
2023-12-30,613.6941666666667,676.8570833333333,4639.625416666667,73.72333333333333,91.97916666666669,17.20958333333333,0.4737499999999999,82.60125000000001,Delhi
2023-12-31,475.2675,541.9466666666666,3750.6420833333336,71.69333333333333,85.72541666666666,18.536666666666665,5.390833333333333,119.44833333333332,Delhi
2024-01-01,390.00160000000005,450.0868,3509.2928,48.3424,72.9056,14.9388,8.5504,68.23519999999999,Delhi
2024-01-02,369.1566666666667,445.01458333333335,4230.182083333333,67.47333333333333,87.59500000000001,30.99,6.649166666666667,91.49416666666669,Delhi
2024-01-03,497.7125,576.9579166666666,5282.72,103.48916666666666,95.93458333333332,24.370416666666667,2.1979166666666665,111.80875,Delhi
2024-01-04,451.2383333333333,530.75125,4562.8550000000005,67.08291666666666,91.59458333333332,23.918333333333333,11.994166666666665,74.87333333333333,Delhi
2024-01-05,398.73625,457.1379166666666,3610.4529166666666,50.29166666666666,85.73875,15.912083333333332,2.4775,101.93458333333332,Delhi
2024-01-06,328.20416666666665,385.5008333333333,3459.69125,48.89041666666666,68.33083333333333,19.617083333333333,8.108333333333333,66.03291666666667,Delhi
2024-01-07,425.8616666666667,489.81375,4018.784166666667,59.27,113.61416666666666,23.30708333333333,10.744166666666668,108.52,Delhi
2024-01-08,632.4108333333334,736.3358333333334,6620.089583333333,131.8375,147.74416666666667,67.84375,7.153333333333333,196.29875,Delhi
2024-01-09,480.94,545.94,3738.4,58.11,68.55,18.75,0.0,51.02,Delhi
2024-01-10,237.2091304347826,261.62347826086955,1695.6339130434783,4.18608695652174,46.25217391304348,9.76304347826087,60.52086956521739,40.27304347826087,Delhi
2024-01-11,262.3491666666667,300.08708333333334,2338.1695833333333,10.115,65.41791666666667,11.93,23.31625,45.0025,Delhi
2024-01-12,342.7920833333333,407.46333333333337,3654.957083333333,47.8125,78.09916666666668,23.362916666666667,17.00375,57.151250000000005,Delhi
2024-01-13,465.08875,542.2916666666666,4624.049583333333,62.38999999999999,114.12708333333336,35.967083333333335,4.785416666666666,105.0825,Delhi
2024-01-14,397.5658333333333,449.0804166666667,3535.90625,30.63958333333333,80.19791666666667,15.582916666666668,25.4475,47.23666666666667,Delhi
2024-01-15,428.895,494.96583333333336,4124.482083333333,49.744166666666665,90.90791666666668,26.54958333333333,15.57125,71.63458333333334,Delhi
2024-01-16,657.1416666666667,750.44,6202.857083333333,101.76541666666668,157.85458333333332,40.340833333333336,9.351666666666668,152.74625,Delhi
2024-01-17,485.2595833333333,554.8695833333334,4341.9991666666665,63.46083333333333,97.84833333333334,29.65958333333333,15.112083333333333,79.61166666666666,Delhi
2024-01-18,742.8675,842.3291666666668,7082.938333333333,150.20333333333335,157.31291666666667,48.45416666666667,2.7175,183.24416666666664,Delhi
2024-01-19,724.3775,805.5666666666666,6564.458750000001,169.92916666666667,120.09708333333332,31.98875,1.8729166666666668,137.965,Delhi
2024-01-20,560.5745833333333,622.65,4256.884166666667,86.41708333333332,90.05208333333333,15.14875,4.97,77.28750000000001,Delhi
2024-01-21,323.41875,357.45875,2216.895833333333,17.384166666666665,54.236250000000005,10.207916666666668,27.579166666666666,33.89416666666666,Delhi
2024-01-22,499.6716666666667,603.87375,5161.443749999999,102.21208333333334,127.70875,39.56541666666667,7.929583333333333,134.2095833333333,Delhi
2024-01-23,648.08875,745.1525,5614.280833333333,86.41791666666667,113.10041666666666,33.791666666666664,7.696666666666666,94.29416666666668,Delhi
2024-01-24,508.12416666666667,595.0575,4780.9295833333335,58.34125,88.85208333333333,24.245,19.29041666666667,66.16125,Delhi
2024-01-25,538.92375,634.40125,5169.23375,65.26666666666667,115.41333333333334,24.26125,9.44,97.55166666666666,Delhi
2024-01-26,686.1829166666666,780.1716666666666,6308.555416666666,97.86,121.52541666666669,36.900416666666665,11.98125,108.9975,Delhi
2024-01-27,302.83458333333334,333.2375,2263.068333333333,4.60125,51.19458333333333,11.280833333333334,49.57916666666667,28.629583333333333,Delhi
2024-01-28,382.63125,430.76708333333335,2961.7941666666666,31.89583333333333,65.93291666666667,12.1725,50.38541666666666,59.49583333333334,Delhi
2024-01-29,574.1929166666667,672.2541666666667,5471.31,77.42916666666666,136.20624999999998,71.9725,19.812083333333334,149.28,Delhi
2024-01-30,721.0633333333334,816.4870833333333,6207.306250000001,95.47916666666669,132.75,51.33208333333334,14.562083333333332,130.73208333333335,Delhi
2024-01-31,411.44375,444.3145833333333,2854.9829166666664,28.70375,70.25083333333333,12.159583333333332,18.957916666666662,67.20416666666667,Delhi
2024-02-01,179.6456,198.3368,1600.0372,6.914,51.9168,9.488,27.8616,44.9088,Delhi
2024-02-02,191.45625,226.12041666666667,2291.998333333333,30.866666666666664,48.36708333333333,16.538333333333334,41.09583333333333,52.57125,Delhi
2024-02-03,242.08375,300.5129166666667,3658.850833333333,64.1525,91.25041666666668,49.49875,17.74083333333333,107.4375,Delhi
2024-02-04,156.1579166666667,185.70875,2348.184583333333,30.225416666666664,50.72416666666666,12.738333333333332,13.054166666666667,37.57083333333333,Delhi
2024-02-05,145.16416666666666,181.0920833333333,2173.502916666667,20.52833333333333,59.23500000000001,15.550833333333337,24.09083333333333,54.32958333333334,Delhi
2024-02-06,138.32708333333332,176.4275,1965.1654166666667,15.024583333333332,55.50125,17.800833333333333,40.64208333333333,45.19875,Delhi
2024-02-07,113.76458333333332,-282.5858333333333,1350.9995833333337,4.21625,40.8775,17.035833333333333,78.3025,39.16041666666667,Delhi
2024-02-08,67.28458333333333,85.44208333333334,924.3091666666668,1.430416666666667,29.782083333333333,15.310833333333331,86.695,31.422083333333333,Delhi
2024-02-09,324.79541666666665,419.8804166666666,4541.714583333333,68.55125,97.64875,42.7225,29.66125,78.95625,Delhi
2024-02-10,367.9175,440.65083333333337,3456.9108333333334,37.63208333333333,78.5125,28.04208333333333,30.865,66.40958333333333,Delhi
2024-02-11,301.4158333333333,354.91291666666666,2928.4170833333333,27.530833333333334,63.66208333333333,17.901666666666667,34.105,46.501666666666665,Delhi
2024-02-12,533.4220833333334,650.7604166666666,6108.28375,103.84250000000002,146.38708333333332,50.93833333333333,22.28833333333333,144.80041666666668,Delhi
2024-02-13,506.6783333333333,599.0991666666666,4594.008333333333,57.38791666666666,101.34666666666668,29.626666666666665,26.62833333333333,100.385,Delhi
2024-02-14,274.31916666666666,326.9508333333333,2718.68625,28.71291666666667,57.87125,18.35083333333333,35.314166666666665,48.00083333333333,Delhi
2024-02-15,243.7275,293.2270833333333,2594.07375,20.19875,62.32041666666667,21.92083333333333,47.248333333333335,52.82916666666667,Delhi
2024-02-16,269.56541666666664,336.13916666666665,3429.0954166666666,42.6375,72.78708333333334,27.652916666666663,36.424166666666665,58.98875,Delhi
2024-02-17,184.4820833333333,226.28083333333333,2218.842916666667,19.02875,55.02916666666667,22.797083333333333,41.56916666666667,41.52375,Delhi
2024-02-18,190.19833333333332,227.06625,2097.2883333333334,22.675833333333333,50.04541666666666,27.749166666666667,79.78083333333333,45.28,Delhi
2024-02-19,114.33208333333334,135.34,948.5095833333334,1.1445833333333333,31.66708333333333,17.55875,84.49041666666666,32.643750000000004,Delhi
2024-02-20,281.13916666666665,382.29375,3904.46125,56.07791666666666,87.38125000000001,38.105,23.92333333333333,79.82041666666667,Delhi
2024-02-21,184.5979166666667,241.42541666666668,2361.5354166666666,20.26125,70.04458333333334,25.55625,33.36958333333333,64.98875,Delhi
2024-02-22,164.39416666666668,215.05208333333331,2216.0616666666665,21.54958333333333,67.75333333333333,29.044166666666666,41.73333333333333,66.18083333333333,Delhi
2024-02-23,164.87041666666667,217.71041666666667,2615.7704166666667,30.679166666666664,64.79,33.643750000000004,34.805416666666666,57.47875,Delhi
2024-02-24,236.425,295.33208333333334,3417.69125,48.3825,84.68208333333332,39.44416666666667,31.61583333333333,85.81083333333333,Delhi
2024-02-25,206.10458333333332,261.5516666666667,2812.4254166666665,27.39916666666667,80.34208333333333,41.66291666666667,49.02041666666667,95.30791666666666,Delhi
2024-02-26,263.8245833333333,352.19625,3921.150833333333,52.575,87.93708333333335,47.028333333333336,31.954166666666666,79.25458333333334,Delhi
2024-02-27,107.21291666666669,139.1029166666667,1505.375,5.5808333333333335,56.82041666666667,24.53,53.509166666666665,57.845,Delhi
2024-02-28,113.77916666666668,143.05458333333334,1448.909583333333,4.7225,45.79583333333333,21.8075,63.965,41.18666666666667,Delhi
2024-02-29,184.50041666666667,240.69416666666663,2611.31875,23.03375,68.35958333333333,33.1,52.88,62.406666666666666,Delhi
2024-03-01,196.4204,239.7132,2558.1356,40.4128,84.0376,27.6424,25.0968,96.3892,Delhi
2024-03-02,48.20333333333334,55.29708333333334,826.1204166666666,0.9470833333333334,26.417916666666667,5.892499999999999,63.93291666666667,24.16,Delhi
2024-03-03,100.87375,138.44208333333333,1534.8608333333334,11.927916666666668,40.56375,16.424583333333334,57.4625,41.812916666666666,Delhi
2024-03-04,113.65791666666668,154.42041666666668,1713.1570833333333,14.625416666666666,44.57583333333333,21.39583333333333,59.78875,49.08416666666667,Delhi
2024-03-05,98.9725,125.15375,1359.34375,2.9745833333333334,43.455000000000005,25.21583333333333,77.21041666666666,41.39458333333334,Delhi
2024-03-06,189.95541666666668,241.5225,2655.54625,23.564166666666665,74.42916666666666,33.580416666666665,55.171666666666674,55.79,Delhi
2024-03-07,140.82625,183.44458333333333,1986.58375,15.2625,56.32749999999999,27.55875,66.28125,49.45208333333333,Delhi
2024-03-08,106.565,144.76458333333332,1523.1762500000002,7.548333333333333,45.53208333333333,24.292916666666667,75.20375,42.56791666666667,Delhi
2024-03-09,117.11375,147.015,1609.4037500000002,4.928333333333334,44.98291666666666,25.19458333333333,77.72416666666666,34.22166666666667,Delhi
2024-03-10,222.83875,278.78791666666666,3069.1633333333334,16.212083333333336,84.49,34.68375,68.32166666666667,67.64041666666667,Delhi
2024-03-11,243.76,309.58375,3016.592083333333,19.70833333333333,80.29958333333333,35.95125,72.26208333333334,74.20791666666666,Delhi
2024-03-12,163.16,220.195,2305.6270833333333,21.299166666666668,56.12875,31.870416666666667,52.58916666666667,57.98458333333334,Delhi
2024-03-13,145.38958333333332,194.25375,2372.1054166666668,20.19375,73.33624999999999,30.125833333333333,55.1925,61.10416666666666,Delhi
2024-03-14,121.28083333333332,163.47833333333332,1698.1362499999998,12.822916666666666,51.26625000000001,26.868333333333336,87.78083333333335,71.2275,Delhi
2024-03-15,94.91041666666666,127.84083333333332,1669.4870833333334,9.070833333333333,48.30375,26.19333333333333,60.84916666666667,40.73,Delhi
2024-03-16,134.87166666666667,182.56208333333333,1934.0125,8.22875,54.571666666666665,27.98166666666667,71.54958333333333,48.497083333333336,Delhi
2024-03-17,148.09083333333334,196.09916666666663,2047.4979166666665,11.124166666666667,55.82874999999999,28.06041666666667,69.66625,43.9575,Delhi
2024-03-18,170.17541666666668,229.33416666666665,2539.83375,24.156666666666663,63.03958333333333,36.5525,56.28125,55.95,Delhi
2024-03-19,167.15,229.07291666666663,2623.835833333333,30.06125,59.4425,35.956250000000004,49.60083333333333,54.76666666666667,Delhi
2024-03-20,161.21916666666667,215.58375,2543.170416666667,22.47791666666667,64.48291666666667,32.84291666666667,57.42916666666667,63.53875,Delhi
2024-03-21,222.19041666666664,270.6033333333333,2607.424583333333,12.26125,81.32583333333334,32.11875,83.24666666666667,73.89041666666667,Delhi
2024-03-22,197.26541666666665,263.46125,2760.9666666666667,24.23208333333333,71.18666666666667,35.12416666666667,58.540416666666665,60.78708333333333,Delhi
2024-03-23,87.06458333333335,113.87625,1145.16375,1.6545833333333333,33.55125,20.09541666666667,80.96791666666667,30.61708333333333,Delhi
2024-03-24,96.08166666666666,131.86416666666665,1702.5866666666668,8.727500000000001,47.62083333333334,24.83083333333333,55.33166666666667,40.08416666666667,Delhi
2024-03-25,72.63666666666667,99.345,1256.4254166666667,6.076666666666667,35.6325,22.1625,76.11833333333333,38.305416666666666,Delhi
2024-03-26,123.17291666666668,167.90083333333334,2083.38125,13.519583333333337,57.60958333333334,30.30958333333333,62.31791666666667,52.78083333333333,Delhi
2024-03-27,135.79125000000002,188.14583333333331,2226.353333333333,16.093333333333334,59.64166666666667,30.139166666666668,58.1875,54.07,Delhi
2024-03-28,121.61708333333333,172.8525,1947.6416666666669,15.75875,56.23500000000001,28.56958333333333,61.24125,60.91666666666666,Delhi
2024-03-29,218.96541666666667,282.6395833333333,2693.0970833333336,22.82041666666667,83.36791666666666,35.25291666666667,48.24458333333333,112.90083333333332,Delhi
2024-03-30,148.19958333333332,201.6820833333333,2056.4,13.7325,50.1025,26.085,65.31666666666666,55.928333333333335,Delhi
2024-03-31,91.705,129.13458333333332,1380.345,11.844166666666666,30.589166666666667,19.99125,88.43416666666667,34.149166666666666,Delhi
2024-04-01,63.9116,88.3624,1094.8188,2.052,34.9072,22.9164,89.27799999999999,38.766,Delhi
2024-04-02,97.11791666666666,134.40708333333333,1614.9675,3.1750000000000003,51.73416666666666,27.249166666666667,83.98791666666666,51.33041666666667,Delhi
2024-04-03,150.44708333333332,203.32541666666668,2187.68875,15.325,72.54375,30.066666666666663,90.15791666666668,99.30166666666666,Delhi
2024-04-04,111.84666666666668,164.97875,1874.4870833333332,8.332083333333333,60.91208333333333,28.26458333333333,75.25375000000001,67.47291666666666,Delhi
2024-04-05,109.80208333333331,164.18541666666667,1974.3441666666668,12.21125,61.02666666666667,30.157916666666665,47.39791666666667,55.96833333333333,Delhi
2024-04-06,66.03791666666667,94.88416666666666,1261.9895833333333,2.341666666666667,40.52041666666667,22.675416666666667,88.67666666666666,42.219166666666666,Delhi
2024-04-07,82.92958333333333,116.98458333333332,1597.305833333333,4.9075,47.07375,24.48708333333333,82.14875,47.87791666666666,Delhi
2024-04-08,108.72125,154.31458333333333,1975.17875,11.416666666666666,57.93541666666667,30.057916666666667,76.27541666666666,64.46249999999999,Delhi
2024-04-09,147.81,207.3408333333333,2530.654583333333,15.802916666666668,83.01083333333334,42.406666666666666,73.84291666666667,101.09,Delhi
2024-04-10,176.15708333333336,248.09125,3048.5791666666664,24.352083333333336,83.56083333333333,40.31541666666666,77.05541666666666,95.48666666666666,Delhi
2024-04-11,159.14583333333334,218.8875,2430.7966666666666,12.167916666666663,68.88916666666667,32.02833333333333,102.46750000000002,79.79208333333334,Delhi
2024-04-12,257.33458333333334,350.3225,4093.885833333333,30.599166666666665,110.03083333333332,45.1125,87.61916666666667,133.355,Delhi
2024-04-13,140.74458333333334,178.98333333333335,1585.4833333333331,5.758333333333333,48.73,21.11208333333333,117.8625,57.995000000000005,Delhi
2024-04-14,113.83708333333334,154.23416666666665,1845.2804166666665,7.199166666666667,57.90708333333333,26.738333333333333,53.57958333333334,65.82375,Delhi
2024-04-15,123.3875,179.88250000000002,2398.252916666667,25.109166666666667,57.89166666666667,33.62833333333333,38.13375,60.26958333333334,Delhi
2024-04-16,49.837916666666665,76.60416666666667,1081.1875,8.45125,30.89583333333333,20.44375,82.46416666666667,37.74,Delhi
2024-04-17,39.46791666666667,52.5325,744.0645833333333,0.8320833333333333,21.64625,16.666666666666668,123.1125,28.410833333333333,Delhi
2024-04-18,65.87333333333333,97.01791666666666,1385.7683333333334,4.308333333333334,46.057500000000005,23.485416666666666,61.60166666666667,47.63458333333333,Delhi
2024-04-19,83.04,132.20791666666668,1910.5070833333327,20.679583333333333,47.52041666666667,29.09958333333333,40.305,57.935833333333335,Delhi
2024-04-20,48.31708333333333,83.51,999.2716666666666,6.1120833333333335,28.2475,20.89125,95.15958333333332,33.740833333333335,Delhi
2024-04-21,41.67208333333333,60.20875,814.8541666666666,1.5745833333333332,25.94458333333333,18.732916666666664,102.87624999999998,35.002916666666664,Delhi
2024-04-22,79.4275,117.71166666666666,1520.3945833333337,4.662916666666667,50.43,27.1925,69.92166666666667,60.01208333333333,Delhi
2024-04-23,81.7475,116.03000000000002,1397.7295833333335,3.700833333333333,45.20083333333333,23.49833333333333,109.03916666666667,61.79916666666667,Delhi
2024-04-24,64.94791666666667,90.96875,1241.4054166666667,10.074583333333331,33.905,21.7575,103.75125,46.81875,Delhi
2024-04-25,74.28833333333334,103.97583333333334,1367.4108333333334,4.671666666666667,43.88708333333333,25.49833333333333,97.16291666666666,51.10083333333333,Delhi
2024-04-26,116.53666666666668,165.14583333333334,2217.452083333333,11.441250000000002,73.07166666666667,30.8625,78.34291666666667,72.28083333333333,Delhi
2024-04-27,55.78958333333333,96.38958333333332,1023.055,1.3541666666666667,36.12583333333333,17.968333333333334,78.58125,37.65583333333333,Delhi
2024-04-28,119.51458333333332,185.81541666666664,2195.895833333333,12.411666666666669,61.9375,31.215416666666663,64.24583333333334,66.81666666666666,Delhi
2024-04-29,100.29458333333332,149.18,1631.1016666666667,9.740833333333333,51.35583333333333,26.61791666666667,96.89375,65.77416666666666,Delhi
2024-04-30,86.30208333333333,132.55041666666668,1720.38875,9.920416666666666,51.994166666666665,34.16125,83.42583333333333,56.43625,Delhi
2024-05-01,41.8332,62.194,830.8608,1.252,27.2768,18.6672,119.734,36.4444,Delhi
2024-05-02,64.19500000000001,88.08375000000001,1126.527916666667,1.9629166666666664,35.37208333333333,23.54833333333333,116.48291666666668,40.51166666666666,Delhi
2024-05-03,70.70166666666667,101.68791666666664,1234.7304166666663,1.5962500000000002,38.89625,21.939166666666665,107.73625,41.330416666666665,Delhi
2024-05-04,128.85916666666665,193.00708333333333,2333.72,7.4575,71.76916666666666,31.262916666666666,72.54916666666666,71.46541666666667,Delhi
2024-05-05,61.29749999999999,96.89208333333332,1037.51875,2.294583333333333,30.027916666666663,20.464166666666667,112.20916666666666,34.95291666666667,Delhi
2024-05-06,69.06375,107.52416666666666,1355.1716666666666,3.5537499999999995,41.687916666666666,24.05208333333333,106.22875,49.055,Delhi
2024-05-07,163.53166666666667,225.68041666666667,2666.1158333333333,15.156666666666666,81.09041666666667,38.04625,125.92208333333332,109.15625,Delhi
2024-05-08,122.83458333333331,166.97833333333332,1956.5425,4.817083333333334,58.46333333333333,30.72583333333333,115.4775,69.91583333333334,Delhi
2024-05-09,106.97,138.75208333333333,1701.1954166666667,1.1891666666666667,57.39291666666667,27.059166666666663,126.68333333333334,74.42458333333333,Delhi
2024-05-10,94.3625,125.72,1335.9783333333332,0.8250000000000001,41.75541666666667,23.004583333333333,123.81416666666668,55.67041666666666,Delhi
2024-05-11,174.56833333333336,226.64166666666665,2700.049583333333,13.569166666666668,84.41,42.3725,79.99791666666667,81.70833333333333,Delhi
2024-05-12,102.20875,139.98541666666668,1755.575833333333,9.065833333333334,49.58125,27.1,69.4825,52.60625,Delhi
2024-05-13,124.99083333333331,168.74625,2033.31375,8.954583333333334,58.806666666666665,30.73958333333333,102.48833333333334,69.69833333333334,Delhi
2024-05-14,85.78625,121.07041666666667,1583.5370833333334,3.9041666666666655,53.5325,25.508333333333336,112.15291666666668,67.125,Delhi
2024-05-15,117.35875,174.17458333333332,2360.145833333333,14.080416666666666,66.12125,34.2825,86.15833333333335,73.82041666666667,Delhi
2024-05-16,154.54208333333335,221.84166666666667,2488.096666666667,11.652916666666668,78.29916666666666,42.943333333333335,111.86666666666667,99.67833333333334,Delhi
2024-05-17,86.61583333333334,131.09916666666666,1481.4541666666669,7.232916666666665,42.35416666666666,27.77125,119.74875000000002,50.46416666666667,Delhi
2024-05-18,54.44625,89.08875,914.8520833333332,1.3383333333333332,25.47875,17.64625,122.02583333333332,30.91958333333333,Delhi
2024-05-19,57.154583333333335,90.59166666666664,1050.1745833333332,2.9716666666666662,30.13875,19.13125,101.32,35.97708333333333,Delhi
2024-05-20,107.87041666666666,161.42125,1930.9529166666669,11.251666666666669,59.177083333333336,28.345416666666665,90.94125,84.00291666666666,Delhi
2024-05-21,126.18541666666664,186.09125,2156.81375,9.253333333333332,63.61208333333334,31.47458333333333,102.8075,78.7775,Delhi
2024-05-22,99.59666666666668,138.69583333333333,1394.669583333333,1.0762500000000002,43.44083333333333,26.00333333333333,118.56458333333336,56.525,Delhi
2024-05-23,82.73083333333334,112.84333333333332,1133.4804166666663,0.8608333333333333,38.9775,22.25583333333333,138.37125,57.060833333333335,Delhi
2024-05-24,162.29125000000002,217.0258333333333,2656.6595833333336,5.71,88.14416666666666,37.840833333333336,115.49666666666668,91.17625,Delhi
2024-05-25,69.31416666666667,104.52916666666664,993.7095833333332,1.9279166666666665,26.465,18.4875,118.54291666666668,32.65333333333333,Delhi
2024-05-26,93.01833333333332,153.79375000000002,1543.899583333333,4.4504166666666665,46.10333333333333,24.78833333333333,97.75708333333334,57.13208333333333,Delhi
2024-05-27,173.71833333333333,258.53625,2851.9229166666664,16.037499999999998,81.94041666666666,45.13875,101.06541666666664,115.29541666666668,Delhi
2024-05-28,214.3675,287.4833333333333,3571.0933333333337,15.45,100.14708333333331,42.562916666666666,114.61583333333334,101.42666666666668,Delhi
2024-05-29,119.86541666666666,195.52666666666667,2575.9929166666666,18.95083333333333,73.6975,32.80291666666667,82.00875,79.32333333333334,Delhi
2024-05-30,78.0425,180.5275,1597.1666666666667,10.727083333333333,52.180416666666666,25.032083333333333,67.3875,48.35874999999999,Delhi
2024-05-31,89.51208333333334,165.95458333333332,1943.88625,10.685833333333331,61.85208333333333,25.83333333333333,61.51708333333334,69.86666666666666,Delhi
2024-06-01,37.366800000000005,95.6,675.7164,0.7896,22.9188,13.2772,82.7736,24.0288,Delhi
2024-06-02,34.17875,78.30083333333333,640.0341666666667,1.0533333333333337,23.03625,13.89125,88.33416666666666,28.361666666666665,Delhi
2024-06-03,35.18958333333333,99.71291666666669,596.0858333333333,1.0308333333333335,21.230416666666667,14.5925,91.15041666666669,24.521666666666665,Delhi
2024-06-04,60.290416666666665,129.25625,1327.0779166666666,4.46,42.90833333333333,20.75375,56.126666666666665,43.51458333333333,Delhi
2024-06-05,76.05791666666666,154.41208333333333,1533.46875,8.935416666666667,46.64958333333333,24.468333333333334,59.78125,55.467083333333335,Delhi
2024-06-06,81.82041666666667,159.6654166666667,1438.0604166666665,11.485833333333334,41.87708333333333,23.58875,79.80083333333333,54.6675,Delhi
2024-06-07,44.38708333333333,91.73041666666668,650.74375,1.31375,21.39916666666667,15.310416666666669,105.21625,29.191666666666663,Delhi
2024-06-08,38.884166666666665,71.15166666666667,624.4583333333334,0.7062499999999999,19.570833333333333,14.9625,99.00375,25.84375,Delhi
2024-06-09,43.72,78.24666666666667,798.5829166666666,1.3141666666666667,26.100416666666664,17.822916666666668,90.18166666666669,31.94833333333333,Delhi
2024-06-10,48.884166666666665,75.11041666666667,945.3095833333332,2.07375,31.48375,20.94125,112.26541666666668,42.279583333333335,Delhi
2024-06-11,63.899166666666666,97.70916666666666,1284.1029166666667,2.84625,43.65583333333333,23.627916666666668,98.41833333333334,49.20416666666667,Delhi
2024-06-12,52.431666666666665,97.84208333333332,982.0266666666666,5.577916666666667,30.442083333333333,20.02583333333333,109.10916666666668,36.25,Delhi
2024-06-13,28.114166666666662,68.585,514.0304166666666,0.7554166666666666,18.22958333333333,12.500416666666666,98.28791666666666,23.1475,Delhi
2024-06-14,22.4175,62.59,425.29791666666665,0.65,14.794583333333334,9.452916666666669,85.41250000000001,18.020416666666662,Delhi
2024-06-15,24.300416666666667,65.05166666666666,414.45125,0.4441666666666666,12.953333333333331,10.265833333333331,87.97625,15.55625,Delhi
2024-06-16,22.34,61.24,343.8,0.0,11.14,13.68,58.65,15.5,Delhi
2024-06-17,25.539565217391303,63.32869565217391,510.6930434782609,0.6778260869565217,17.836521739130436,11.419565217391304,84.65,21.98608695652174,Delhi
2024-06-18,22.65958333333333,71.18375,397.90125000000006,0.4733333333333333,12.5125,7.67125,84.52041666666666,16.118750000000002,Delhi
2024-06-19,77.86583333333333,162.97875,1630.544583333333,12.114583333333334,48.58875,23.54833333333333,53.95166666666666,50.935833333333335,Delhi
2024-06-20,36.67208333333333,77.98583333333333,777.9987500000001,2.192083333333333,31.72375,15.994166666666668,72.37458333333333,34.510416666666664,Delhi
2024-06-21,224.0875,315.21083333333337,2992.6704166666664,11.235416666666666,93.5575,37.81208333333333,90.5875,99.18208333333332,Delhi
2024-06-22,108.3,167.93083333333334,1704.5329166666668,6.486250000000001,51.330000000000005,24.696250000000003,77.73458333333333,62.565,Delhi
2024-06-23,81.95416666666667,114.49625,869.79,1.38125,33.123333333333335,18.0075,118.67875,54.77708333333334,Delhi
2024-06-24,74.2075,99.025,1037.79625,1.985,41.9125,20.097916666666663,108.22041666666668,62.84333333333333,Delhi
2024-06-25,126.42166666666668,166.39708333333334,2606.5904166666664,26.55541666666667,86.48875,38.57958333333333,70.2775,110.41708333333334,Delhi
2024-06-26,44.34625,53.7275,1058.9370833333332,0.7975,42.76958333333334,9.697916666666666,77.90249999999999,61.015416666666674,Delhi
2024-06-27,68.95833333333333,82.035,1262.82375,1.3233333333333333,45.61041666666667,10.81875,71.94833333333334,54.89541666666667,Delhi
2024-06-28,95.03875,113.96958333333332,1506.4883333333337,1.9958333333333331,55.67875,13.485,69.01458333333333,58.48166666666666,Delhi
2024-06-29,66.04833333333333,80.85791666666667,1352.9458333333334,1.805,40.81375,9.834583333333333,62.58958333333334,31.5,Delhi
2024-06-30,81.75583333333334,105.88291666666667,1851.955416666667,18.13875,54.29458333333333,15.711666666666666,18.67,51.717083333333335,Delhi
2024-07-01,68.6324,94.728,1693.7628,25.4592,46.3784,17.7524,17.0456,53.196000000000005,Delhi
2024-07-02,125.115,163.19583333333333,2660.2745833333333,51.96958333333333,56.76416666666666,24.41375,5.87875,73.22416666666666,Delhi
2024-07-03,115.92291666666668,144.44375,1986.5820833333332,42.899166666666666,72.08749999999999,13.405,1.1779166666666667,116.28833333333334,Delhi
2024-07-04,85.50166666666667,104.99208333333333,1645.5654166666666,19.45875,62.01916666666667,12.70875,8.499583333333332,106.83208333333332,Delhi
2024-07-05,94.745,108.70208333333332,1538.7524999999998,6.629166666666666,60.07708333333333,9.26125,53.60791666666666,80.20708333333333,Delhi
2024-07-06,71.68541666666667,86.08666666666666,1398.0054166666669,5.19875,55.00875,9.184583333333334,10.175,64.72958333333334,Delhi
2024-07-07,74.37833333333333,93.93916666666668,1360.7341666666666,7.73,55.53583333333333,11.034166666666666,32.473333333333336,77.78416666666666,Delhi
2024-07-08,186.03625,241.5570833333333,3085.8529166666667,24.368333333333336,82.33875,27.050416666666667,56.15541666666667,73.5325,Delhi
2024-07-09,244.68416666666667,297.68875,3491.6808333333333,36.376666666666665,138.11958333333334,32.31791666666667,23.74458333333333,120.16291666666666,Delhi
2024-07-10,167.62583333333333,203.46,2445.539166666667,19.91875,71.30166666666666,17.923750000000002,36.579166666666666,66.14125,Delhi
2024-07-11,114.24958333333332,160.29458333333335,2483.64625,23.82708333333333,69.42999999999999,27.512083333333333,32.44625,56.82333333333333,Delhi
2024-07-12,94.125,129.32958333333332,1724.5616666666665,15.07125,54.17916666666667,14.385,55.992916666666666,49.234583333333326,Delhi
2024-07-13,289.34,345.1191666666667,3292.24375,11.1475,96.57666666666668,31.987916666666667,95.26875,89.08999999999999,Delhi
2024-07-14,213.01375,250.9808333333333,2244.71,4.819999999999999,75.84333333333333,13.754583333333334,94.20291666666668,82.34416666666667,Delhi
2024-07-15,80.4825,100.35958333333332,1444.7370833333334,1.9641666666666664,55.12166666666667,10.065833333333332,56.68083333333333,71.26708333333333,Delhi
2024-07-16,69.67083333333333,88.36833333333334,1257.8166666666668,1.97875,55.47958333333333,13.981666666666667,59.49375,68.18791666666667,Delhi
2024-07-17,63.48083333333333,78.02833333333334,1066.16875,3.516666666666667,52.71,11.287083333333332,57.31708333333333,70.23416666666667,Delhi
2024-07-18,91.08208333333332,112.81041666666664,1503.1491666666668,2.4454166666666666,63.30458333333333,15.218333333333334,34.11,63.0525,Delhi
2024-07-19,73.23375,89.89958333333334,1313.4483333333335,8.089166666666666,60.69208333333333,11.79875,32.930416666666666,79.48291666666667,Delhi
2024-07-20,86.72958333333334,106.6275,1514.8325000000002,1.387916666666667,54.39416666666667,14.688333333333333,64.03,49.065,Delhi
2024-07-21,69.90458333333333,81.5225,1009.425,1.4829166666666669,37.32791666666667,10.75875,71.48083333333334,41.8425,Delhi
2024-07-22,59.48791666666667,74.38291666666667,1168.8070833333334,6.34375,54.53666666666666,13.5475,20.62,59.26666666666667,Delhi
2024-07-23,34.7,40.22,774.38,0.03,29.13,5.13,23.96,30.04,Delhi
2024-07-24,211.0830434782609,262.57652173913044,3495.7556521739134,53.16,93.78782608695651,29.64434782608696,17.27695652173913,105.48521739130436,Delhi
2024-07-25,146.24041666666668,173.855,2098.9579166666667,11.326666666666666,95.02166666666666,15.942083333333334,35.931666666666665,117.10333333333334,Delhi
2024-07-26,259.8808333333333,310.54791666666665,3658.852083333333,45.58625,103.6175,22.6075,13.32625,117.10333333333334,Delhi
2024-07-27,216.60958333333332,256.87416666666667,2570.1520833333334,18.95958333333333,91.465,10.879583333333334,19.94083333333333,107.32833333333332,Delhi
2024-07-28,71.00625000000001,88.45208333333333,1164.3558333333333,4.866666666666666,40.78541666666667,12.4225,60.19166666666667,51.965,Delhi
2024-07-29,59.88666666666666,76.34333333333333,1018.32625,2.35,43.92666666666667,12.785416666666668,61.51958333333334,56.22833333333333,Delhi
2024-07-30,63.03375,80.2025,1152.1175,1.3633333333333333,43.92583333333334,14.172916666666666,53.97083333333334,42.33875,Delhi
2024-07-31,116.5625,137.49541666666667,1757.3829166666667,9.881666666666666,77.51375,12.915,38.31125,95.48666666666666,Delhi
2024-08-01,134.0768,170.84,2551.1932,57.3784,68.83359999999999,18.8704,0.3876,112.686,Delhi
2024-08-02,35.44,44.970416666666665,1046.9758333333332,4.61875,41.48416666666667,7.532083333333333,20.38833333333333,46.40291666666667,Delhi
2024-08-03,48.79791666666667,57.84375,864.50625,1.0895833333333331,28.39583333333333,8.63125,63.97,31.1625,Delhi
2024-08-04,24.039583333333336,31.210833333333337,604.9854166666667,1.8929166666666664,24.126666666666665,8.135833333333332,58.927083333333336,38.59458333333333,Delhi
2024-08-05,30.83625,37.61541666666667,614.7216666666667,1.085,-393.2991666666667,7.68375,72.97125,32.36625,Delhi
2024-08-06,30.03833333333333,41.44291666666667,808.5970833333334,2.3466666666666667,31.080416666666665,11.489583333333334,39.119166666666665,29.414583333333336,Delhi
2024-08-07,54.90625,73.06166666666667,1404.4045833333332,16.547083333333333,48.08208333333334,11.887916666666667,4.309583333333333,51.80708333333333,Delhi
2024-08-08,126.0125,152.36,2063.3545833333333,24.611666666666668,68.73166666666667,16.709166666666665,12.4275,95.96333333333332,Delhi
2024-08-09,150.36791666666667,175.20666666666668,2397.139583333333,19.34208333333333,74.28541666666666,14.5925,0.375,83.34625,Delhi
2024-08-10,105.97916666666669,124.71041666666667,1878.66,20.5125,60.37708333333333,11.3175,2.34375,85.33375,Delhi
2024-08-11,57.975,70.4875,1275.8966666666668,17.831666666666667,-368.7429166666666,9.030416666666666,1.82,68.12875,Delhi
2024-08-12,107.69208333333334,133.69666666666666,1892.5670833333331,37.64208333333333,54.98041666666666,12.555416666666666,0.7670833333333333,98.80458333333333,Delhi
2024-08-13,92.94,117.265,1717.3295833333334,25.625,51.33833333333333,11.619166666666668,5.425416666666667,77.04833333333333,Delhi
2024-08-14,104.28041666666668,129.6625,2034.4254166666667,44.66416666666667,55.45083333333333,13.547916666666666,0.3083333333333333,94.67375,Delhi
2024-08-15,133.70291666666665,157.58833333333334,1951.5366666666664,14.92375,63.44791666666666,12.209583333333333,40.98708333333334,73.63250000000001,Delhi
2024-08-16,72.62875,88.37291666666665,1547.3758333333333,19.74,47.79666666666666,10.626666666666669,6.769166666666667,56.465,Delhi
2024-08-17,108.26875,139.30083333333334,2182.681666666667,45.085,44.11208333333334,13.352083333333333,0.1404166666666666,60.66708333333333,Delhi
2024-08-18,107.26791666666666,148.85041666666666,2331.217916666667,40.255,41.162083333333335,15.569166666666668,25.427916666666665,41.525,Delhi
2024-08-19,92.71708333333332,122.2575,1859.7429166666668,31.745833333333334,38.15833333333333,13.66375,24.915000000000003,47.02791666666667,Delhi
2024-08-20,164.73458333333335,201.79208333333332,3217.6975,94.375,46.13999999999999,18.936666666666667,0.1175,86.685,Delhi
2024-08-21,205.5295833333333,251.8258333333333,3187.10125,56.04125,79.5125,22.87291666666667,18.442083333333333,96.24166666666667,Delhi
2024-08-22,231.7945833333333,282.66,3436.883333333333,44.65541666666667,84.25375,20.282916666666665,55.66666666666666,81.95666666666666,Delhi
2024-08-23,364.2291666666667,427.86083333333335,4970.073333333333,95.0975,120.41166666666668,23.02125,1.955833333333333,137.42708333333334,Delhi
2024-08-24,121.53125,151.5775,2161.2654166666666,14.32125,60.84958333333333,12.912083333333332,28.38583333333333,68.625,Delhi
2024-08-25,34.464166666666664,44.72083333333333,759.3633333333333,1.4266666666666667,28.289583333333336,7.659166666666667,65.90875,39.04083333333333,Delhi
2024-08-26,54.52375,63.35958333333334,809.7091666666666,1.930416666666667,35.35875,6.954166666666667,72.76208333333334,52.88875,Delhi
2024-08-27,53.79625000000001,65.145,880.0820833333333,0.8504166666666667,35.145,6.536666666666666,31.20375,41.09791666666667,Delhi
2024-08-28,159.61041666666668,178.69875,1482.8441666666668,4.0825000000000005,45.98416666666666,8.902916666666666,41.08041666666667,42.865833333333335,Delhi
2024-08-29,84.105,98.97833333333334,1220.5441666666668,2.620416666666667,45.63916666666666,10.194166666666666,19.96875,42.48708333333333,Delhi
2024-08-30,227.88958333333332,273.9891666666667,2828.8370833333333,21.72791666666667,84.23875,14.674166666666666,56.19,77.78375,Delhi
2024-08-31,124.865,146.15583333333333,1707.0375,8.485,36.53333333333333,10.11625,69.42208333333333,29.434166666666663,Delhi
2024-09-01,136.5276,163.026,1895.9044,7.2728,64.78960000000001,13.0544,44.3292,61.4168,Delhi
2024-09-02,111.94375,141.09333333333333,2166.270833333333,31.78125,57.492916666666666,15.944166666666668,2.6079166666666667,78.04166666666667,Delhi
2024-09-03,74.30458333333333,93.59541666666668,1407.4641666666666,11.104166666666666,56.42208333333334,10.511666666666668,6.025833333333334,64.71,Delhi
2024-09-04,247.6483333333333,292.9433333333333,3640.492083333333,48.935833333333335,96.59208333333332,17.664583333333333,6.73,95.18916666666668,Delhi
2024-09-05,239.8758333333333,279.1154166666667,3679.43375,56.86708333333333,102.03166666666668,24.022916666666664,8.189583333333333,118.19583333333333,Delhi
2024-09-06,126.07208333333334,157.09958333333333,2628.565416666667,37.25791666666667,63.93291666666667,15.645833333333334,4.1379166666666665,81.00333333333333,Delhi
2024-09-07,215.32125,268.4783333333333,4008.769166666667,95.3575,61.51875,23.754583333333333,0.3283333333333333,95.00916666666666,Delhi
2024-09-08,218.84333333333333,263.7391666666667,3510.316666666666,51.15958333333333,68.28875000000001,15.490833333333333,14.94875,88.15625,Delhi
2024-09-09,189.86,210.44,2590.18,22.13,39.07,8.36,0.0,37.19,Delhi
2024-09-10,282.0308695652174,342.7317391304348,4342.120869565218,90.52478260869566,78.93173913043479,21.604347826086958,3.0173913043478264,128.14565217391305,Delhi
2024-09-11,177.8525,209.5775,2956.7875,40.10958333333333,74.9275,11.7375,4.499583333333333,102.59916666666668,Delhi
2024-09-12,29.391666666666666,36.87,884.8116666666666,1.7220833333333332,31.6875,4.785416666666666,17.45,37.263333333333335,Delhi
2024-09-13,60.421666666666674,126.60583333333334,1120.40875,5.421250000000001,41.149166666666666,11.60875,35.50083333333333,30.130416666666665,Delhi
2024-09-14,33.907916666666665,66.01125,737.11,1.45125,27.6975,10.829166666666666,50.798750000000005,23.09708333333333,Delhi
2024-09-15,60.23541666666667,116.71125,1143.35625,7.805,35.46458333333333,14.411666666666669,38.23791666666667,30.25958333333333,Delhi
2024-09-16,123.41166666666668,225.0858333333333,2076.427083333333,26.07375,47.58875,24.112916666666667,39.77708333333333,47.95166666666666,Delhi
2024-09-17,196.1433333333333,306.5675,2589.900416666667,23.113333333333333,68.44625,27.078333333333333,40.33875,64.5825,Delhi
2024-09-18,161.64624999999998,198.08333333333331,2542.8941666666665,31.437916666666663,50.337916666666665,11.734166666666669,25.916666666666668,63.39958333333333,Delhi
2024-09-19,178.52458333333334,233.3095833333333,2904.217083333333,38.29291666666666,62.54750000000001,19.49875,28.75375,72.30083333333333,Delhi
2024-09-20,212.36416666666665,258.8641666666667,3034.1141666666667,34.354166666666664,65.80499999999999,21.199583333333333,51.6675,69.0025,Delhi
2024-09-21,266.8,324.7316666666667,3856.89625,33.53458333333334,119.61125,45.30916666666667,47.71375,107.3075,Delhi
2024-09-22,215.9779166666667,272.81958333333336,2896.1512500000003,21.54458333333333,67.93208333333332,21.66416666666667,61.20458333333334,58.99875,Delhi
2024-09-23,246.66375,312.62625,3300.588333333333,32.65,74.9425,27.185,71.24249999999999,67.43291666666666,Delhi
2024-09-24,467.0016666666667,546.2054166666667,4123.925416666667,18.9625,115.59875,29.67,92.41625,109.91083333333334,Delhi
2024-09-25,125.11833333333334,146.84375,1567.1258333333333,4.302083333333333,51.17333333333334,11.417916666666663,44.42916666666667,54.08125,Delhi
2024-09-26,47.781666666666666,58.6325,888.1495833333333,5.662916666666667,41.470416666666665,8.405416666666666,44.25,62.564166666666665,Delhi
2024-09-27,41.6175,54.28625,935.7145833333334,6.08125,43.8975,10.161666666666669,35.367916666666666,69.19208333333333,Delhi
2024-09-28,112.41791666666666,139.69791666666666,1716.7733333333333,14.180416666666666,60.93375,13.64,64.1575,79.07583333333334,Delhi
2024-09-29,207.36333333333332,258.28125,2839.685,27.24875,97.92041666666668,32.90791666666667,28.151666666666667,109.11583333333334,Delhi
2024-09-30,243.06,306.71208333333334,3088.0779166666666,29.31958333333333,67.61708333333333,23.17708333333333,57.64375,55.18375,Delhi
2024-10-01,181.0048,252.174,2599.7912,25.77,61.0744,23.462,51.8468,49.915200000000006,Delhi
2024-10-02,203.8033333333333,312.97375,3432.1554166666665,51.25291666666666,76.92875,37.158750000000005,39.05291666666667,65.31666666666666,Delhi
2024-10-03,255.62458333333333,362.78875,3702.799166666666,33.99708333333333,104.48166666666668,45.33916666666667,42.35416666666666,85.32291666666667,Delhi
2024-10-04,200.37791666666664,298.9475,3686.388333333333,53.060833333333335,89.48666666666666,32.02,38.84375,60.40875,Delhi
2024-10-05,81.8275,143.2516666666667,1765.7283333333337,20.69375,52.02875,25.8075,35.42166666666667,36.26916666666667,Delhi
2024-10-06,128.6675,200.2575,2495.8858333333333,35.60958333333333,55.46083333333333,29.351666666666663,34.47208333333334,44.96125,Delhi
2024-10-07,340.7554166666667,443.92125,5062.9775,66.35916666666667,108.85916666666668,51.2125,43.08041666666667,106.17541666666666,Delhi
2024-10-08,434.6216666666666,538.4333333333333,5280.495,52.22875,130.4358333333333,48.7575,55.83791666666667,131.76583333333335,Delhi
2024-10-09,239.79583333333332,323.0725,3607.9491666666663,46.76458333333333,73.50041666666667,34.053333333333335,38.891666666666666,66.60791666666667,Delhi
2024-10-10,137.0375,193.78625,2297.8383333333336,24.649166666666662,58.09916666666667,32.465,46.560833333333335,53.84333333333333,Delhi
2024-10-11,157.32625,220.87791666666664,2832.730833333333,30.77583333333333,82.37625,38.01625,44.51375,60.68708333333333,Delhi
2024-10-12,205.4416666666667,272.42541666666665,3401.0004166666663,32.04625,106.43125,42.90625,46.58375,76.98958333333333,Delhi
2024-10-13,222.69583333333333,295.39,3735.899583333333,40.29125,101.43916666666668,45.2125,43.055416666666666,66.6875,Delhi
2024-10-14,222.28666666666663,304.14875,3686.944166666666,44.97375,89.42291666666667,42.742916666666666,41.79291666666666,76.235,Delhi
2024-10-15,141.32875,193.45041666666668,2374.05375,20.421666666666667,70.68083333333333,33.44833333333333,42.9125,52.84916666666667,Delhi
2024-10-16,348.63041666666663,470.7891666666667,5619.286666666667,80.84583333333333,145.68125,75.39958333333334,38.30291666666667,123.20333333333332,Delhi
2024-10-17,402.37125,535.5245833333333,6350.00125,86.35833333333333,154.99875,75.57833333333333,45.50666666666667,122.37833333333332,Delhi
2024-10-18,221.83125,315.66333333333336,3871.0833333333335,54.594166666666666,104.50291666666664,48.95458333333334,40.23125,80.28708333333334,Delhi
2024-10-19,148.34,217.8033333333333,2745.112083333333,34.170833333333334,77.20208333333333,37.57375,34.985,56.48500000000001,Delhi
2024-10-20,316.07958333333335,408.1270833333333,4239.639166666667,39.180416666666666,130.93666666666667,42.430416666666666,36.20458333333333,116.82541666666668,Delhi
2024-10-21,326.78000000000003,441.60833333333335,4655.758333333333,51.51041666666666,108.72291666666666,44.50541666666667,38.73041666666666,83.08916666666667,Delhi
2024-10-22,270.1104166666667,362.2529166666666,3803.492083333333,37.794583333333335,93.40625,37.52791666666667,36.25708333333333,81.59833333333334,Delhi
2024-10-23,148.115,192.9858333333333,1888.1170833333333,10.48,50.423750000000005,25.395,61.32333333333333,45.28041666666667,Delhi
2024-10-24,132.19041666666666,177.67875,1932.0645833333333,7.33875,62.29,31.36458333333333,58.6325,54.73666666666667,Delhi
2024-10-25,174.6654166666667,242.03666666666663,2623.835833333333,24.407083333333333,65.51833333333333,30.877916666666664,42.79791666666667,51.06166666666667,Delhi
2024-10-26,314.2629166666667,395.85,3323.9525,16.175416666666667,84.28958333333334,29.27416666666667,64.56,62.38625,Delhi
2024-10-27,405.7616666666667,489.38916666666665,4654.6466666666665,36.2775,140.18958333333333,65.35083333333334,49.4575,134.905,Delhi
2024-10-28,301.10125,369.8220833333333,3595.4325000000003,33.10583333333333,86.09541666666667,35.02166666666667,43.10375,61.39333333333334,Delhi
2024-10-29,232.66416666666663,312.06541666666664,3523.668333333333,43.99666666666667,82.81125,41.27625,36.025,68.80333333333333,Delhi
2024-10-30,319.9891666666667,440.13125,4254.659166666667,40.28875,107.28708333333331,42.14208333333334,59.16583333333333,96.22166666666668,Delhi
2024-10-31,145.66875000000002,201.69625,2045.83,14.77875,56.23500000000001,27.7225,46.85375,46.50083333333333,Delhi
2024-11-01,208.9884,284.834,3739.472,53.4768,83.06280000000001,45.6304,38.4952,78.76360000000001,Delhi
2024-11-02,255.7745833333333,343.68125000000003,3654.957083333333,32.47625,102.37541666666668,48.34708333333333,34.967083333333335,76.90083333333332,Delhi
2024-11-03,284.22041666666667,389.0308333333333,3489.175833333333,24.496666666666663,89.83749999999999,38.11333333333334,35.095416666666665,73.70166666666667,Delhi
2024-11-04,494.7716666666667,618.9075,5613.72375,46.27583333333333,138.41833333333332,57.435,52.517500000000005,117.36125,Delhi
2024-11-05,458.7416666666666,561.4870833333333,4793.16625,42.51875,134.83374999999998,44.33583333333333,41.63791666666667,115.79166666666669,Delhi
2024-11-06,642.6458333333334,760.6854166666667,6939.967083333333,70.16,177.6470833333333,70.37,38.876666666666665,167.72791666666666,Delhi
2024-11-07,603.5741666666667,725.6220833333333,6225.110000000001,63.07749999999999,161.13958333333332,57.89333333333334,33.767500000000005,148.77375,Delhi
2024-11-08,569.68625,677.4916666666667,5906.900000000001,66.89666666666666,166.65166666666667,55.68083333333333,30.46625,153.5608333333333,Delhi
2024-11-09,397.5933333333333,472.22791666666666,3722.2708333333335,27.65375,99.11958333333332,32.60541666666666,38.28916666666667,65.24625,Delhi
2024-11-10,291.68833333333333,368.7795833333333,3236.054583333333,31.65375,75.91333333333334,30.82208333333333,32.645,51.72666666666667,Delhi
2024-11-11,481.33875000000006,593.1541666666667,5152.543333333333,63.40958333333333,132.34958333333333,40.85375,24.578333333333333,113.26875,Delhi
2024-11-12,304.4816666666666,415.10041666666666,4152.576666666667,62.85166666666667,89.28625,58.78791666666666,24.722916666666663,93.41083333333334,Delhi
2024-11-13,355.8066666666667,471.74916666666667,5015.135,77.28,95.36375,54.42208333333334,28.03708333333333,90.1025,Delhi
2024-11-14,410.66541666666666,535.8145833333333,5708.297083333334,73.32375,140.6325,55.70875,37.33416666666667,133.395,Delhi
2024-11-15,272.3183333333333,352.8545833333333,3463.307083333333,30.606666666666666,96.70666666666666,34.235,48.55625,75.49958333333333,Delhi
2024-11-16,179.15625,244.7425,2166.54875,11.01625,64.32625,23.137083333333333,51.76958333333334,45.88541666666666,Delhi
2024-11-17,172.08833333333334,236.72208333333333,2121.210833333333,15.153333333333334,56.49958333333333,22.821250000000003,64.61041666666667,47.28666666666667,Delhi
2024-11-18,171.09125000000003,220.17666666666665,2449.98875,9.325416666666667,81.55541666666666,28.39333333333333,46.77791666666667,63.04166666666666,Delhi
2024-11-19,205.40416666666667,258.6820833333333,3032.445,12.560416666666669,90.42958333333333,32.509166666666665,61.73708333333334,65.12708333333333,Delhi
2024-11-20,214.5,271.6195833333333,3090.58,14.885833333333332,96.80666666666669,32.35125,43.052083333333336,66.32041666666667,Delhi
2024-11-21,274.53000000000003,351.4208333333333,3910.86,37.599583333333335,106.645,38.626666666666665,40.47416666666667,73.67166666666667,Delhi
2024-11-22,367.0366666666667,494.9708333333333,5268.8125,69.37166666666667,136.50583333333333,46.88583333333333,37.19041666666666,89.08916666666666,Delhi
2024-11-23,263.90541666666667,373.07875,3967.325,50.78833333333333,115.74041666666666,34.10875,34.100833333333334,60.96666666666667,Delhi
2024-11-24,127.78708333333331,195.2204166666667,1558.78,2.674166666666667,55.114583333333336,21.18458333333333,66.92041666666667,41.38583333333333,Delhi
2024-11-25,155.11166666666665,227.3733333333333,1816.0745833333333,9.37625,56.92208333333334,19.791666666666668,54.0075,48.399166666666666,Delhi
2024-11-26,165.83666666666667,219.72,2358.1979166666665,15.830833333333333,72.1725,23.514166666666668,46.317083333333336,53.40583333333333,Delhi
2024-11-27,301.95625,401.1641666666667,4680.235416666666,62.76625000000001,112.15708333333332,43.83041666666667,30.293333333333337,84.32208333333334,Delhi
2024-11-28,404.23541666666665,524.2825,5627.6325,72.17958333333333,135.27791666666667,46.18833333333333,34.76625,94.09708333333332,Delhi
2024-11-29,609.9395833333334,746.1133333333333,6315.231666666667,63.555,165.25208333333333,39.76958333333334,27.89916666666667,124.05791666666666,Delhi
2024-11-30,361.47625,428.1375,3395.717083333333,18.380416666666665,90.47958333333334,20.257916666666667,56.83708333333333,60.43958333333333,Delhi
2024-12-01,256.4864,315.0496,2682.572,9.7336,73.97399999999999,18.744,56.6388,50.582,Delhi
2024-12-02,260.62166666666667,320.0829166666667,3182.6487500000003,19.84708333333333,91.45125,25.857083333333332,41.74875,68.52541666666666,Delhi
2024-12-03,184.58333333333331,229.73,2271.41375,18.76333333333333,59.80583333333333,21.031666666666663,63.07041666666667,58.64958333333333,Delhi
2024-12-04,94.53875,125.16083333333334,1221.0995833333334,1.8066666666666664,42.32625,17.105,74.11833333333333,45.6175,Delhi
2024-12-05,112.04541666666668,152.65,1714.5470833333331,6.062083333333334,61.61958333333334,22.715416666666663,53.79125,52.82916666666667,Delhi
2024-12-06,165.66583333333332,230.65125,2421.6175,17.918333333333333,77.48541666666667,27.278333333333336,34.38375,54.75708333333333,Delhi
2024-12-07,270.72,343.3545833333333,3606.002083333333,40.0475,112.30083333333332,34.43541666666667,37.54833333333334,72.28125,Delhi
2024-12-08,151.02124999999998,180.15,1215.8154166666666,1.2433333333333334,41.32875,13.2825,93.22083333333336,45.83541666666667,Delhi
2024-12-09,210.88541666666663,270.3595833333333,2507.84625,19.18583333333333,95.0925,19.9,25.366666666666664,78.60958333333333,Delhi
2024-12-10,116.31291666666668,143.92583333333332,1584.3708333333334,3.564166666666667,56.000416666666666,20.655833333333334,52.747083333333336,44.375416666666666,Delhi
2024-12-11,172.9154166666667,210.39083333333332,2050.0016666666666,3.6025000000000005,71.78750000000001,26.55708333333333,52.92125000000001,55.82958333333334,Delhi
2024-12-12,186.5858333333333,227.6858333333333,1909.8125,7.100416666666667,56.72083333333333,20.44125,78.05624999999999,55.87875,Delhi
2024-12-13,121.39041666666668,145.72833333333332,1141.54875,1.4891666666666667,32.28,16.593333333333334,105.79833333333332,39.86625,Delhi
2024-12-14,114.12625,141.41791666666668,1273.392916666667,1.9070833333333328,40.2,20.677916666666665,78.63291666666667,39.70708333333334,Delhi
2024-12-15,372.65875,468.44625,4428.2275,37.65833333333333,122.1675,36.64791666666667,36.75541666666667,77.03916666666667,Delhi
2024-12-16,707.4470833333334,832.5395833333333,6924.947916666667,68.97,165.53791666666666,36.66291666666667,32.0875,97.57208333333334,Delhi
2024-12-17,892.6220833333333,985.5954166666668,6679.0575,72.71833333333333,194.64,17.497083333333332,7.440833333333334,146.61791666666667,Delhi
2024-12-18,579.35875,660.5945833333334,5205.949583333333,56.91666666666666,131.63625,25.599166666666665,28.131666666666664,89.80333333333333,Delhi
2024-12-19,575.9454166666667,658.6545833333333,5856.276666666666,62.91041666666667,144.6891666666667,26.59,31.6975,80.52625,Delhi
2024-12-20,409.6258333333333,475.5466666666667,3622.6908333333336,30.32958333333333,103.36166666666666,20.192083333333333,22.840416666666663,90.28208333333332,Delhi
2024-12-21,321.09166666666664,377.6408333333333,2991.278333333333,24.96333333333333,83.76791666666666,20.602916666666665,19.83083333333333,59.37708333333333,Delhi
2024-12-22,357.8433333333333,413.3758333333333,3414.074583333333,39.45125,92.56416666666668,18.005416666666665,37.79291666666666,65.50625000000001,Delhi
2024-12-23,227.42875,260.2916666666667,2110.0829166666667,12.531666666666666,85.88166666666666,16.672083333333333,13.233333333333334,76.62083333333334,Delhi
2024-12-24,300.12625,371.3329166666667,4205.147916666667,82.59083333333334,119.98416666666668,16.37666666666667,11.877083333333331,93.36041666666668,Delhi
2024-12-25,283.80541666666664,347.4670833333333,3618.7979166666655,48.72958333333333,80.79833333333333,17.2925,19.95583333333333,60.88541666666666,Delhi
2024-12-26,588.9383333333334,718.8833333333333,7097.402916666667,109.18708333333332,174.61833333333334,38.927083333333336,14.595,127.22666666666667,Delhi
2024-12-27,143.99666666666667,165.5920833333333,1811.6229166666665,10.854583333333332,63.64666666666667,7.235416666666667,23.745416666666667,70.16416666666667,Delhi
2024-12-28,135.39083333333335,168.215,2167.9391666666666,27.81458333333333,60.677083333333336,7.400833333333334,6.614999999999999,44.15541666666667,Delhi
2024-12-29,108.16208333333331,125.7575,1354.615,7.066666666666666,40.855,6.91375,40.72958333333333,38.047916666666666,Delhi
2024-12-30,222.30166666666665,257.5158333333333,2110.6404166666666,2.8570833333333336,67.54541666666667,9.640833333333331,45.55291666666667,47.25625,Delhi
2024-12-31,379.7554166666666,454.825,4056.612083333333,53.18333333333334,102.13333333333333,13.402500000000002,10.904583333333331,67.99958333333333,Delhi
2025-01-01,319.866,362.864,2308.7308,6.4808,70.7812,6.638400000000001,42.372,46.7112,Delhi
2025-01-02,348.0829166666667,394.665,2866.1095833333334,15.996250000000002,77.085,9.800833333333332,33.80041666666667,46.70916666666667,Delhi
2025-01-03,447.13000000000005,519.7025,4694.143333333333,53.59583333333333,118.15583333333332,15.335,12.501666666666669,60.30041666666667,Delhi
2025-01-04,501.3933333333334,544.46875,4275.79875,24.51333333333333,109.35833333333332,8.535833333333334,44.69875,42.52708333333333,Delhi
2025-01-05,455.5904166666666,485.27875,2738.15625,5.035833333333334,70.20166666666667,5.71125,61.60166666666667,45.66666666666666,Delhi
2025-01-06,329.2183333333333,363.9358333333334,3144.2641666666664,33.73666666666667,69.96083333333333,8.302916666666667,36.068333333333335,61.47125,Delhi
2025-01-07,122.36125,140.53375,1273.950833333333,2.0620833333333333,41.69875,7.855,56.459583333333335,39.6175,Delhi
2025-01-08,151.48291666666668,190.25708333333333,1998.2654166666669,9.81625,64.14666666666666,14.674166666666666,40.75291666666667,41.177083333333336,Delhi
2025-01-09,731.495,885.5833333333334,8816.4025,151.3575,215.20333333333332,70.00666666666667,14.160416666666668,218.41208333333336,Delhi
2025-01-10,610.5258333333334,690.50375,5526.382083333334,54.05833333333334,144.40291666666667,15.24125,36.41583333333333,75.06208333333333,Delhi
2025-01-11,267.71958333333333,289.54291666666666,1865.86375,7.479583333333334,69.23125,3.907083333333333,51.61333333333334,66.70833333333333,Delhi
2025-01-12,195.31166666666664,228.37625,2249.162083333333,16.451666666666664,70.91666666666667,7.190833333333334,25.425833333333333,44.23583333333334,Delhi
2025-01-13,150.72166666666666,178.12875,1810.232083333333,12.4975,57.5925,10.367916666666666,31.826666666666668,55.54166666666666,Delhi
2025-01-14,488.165,580.3245833333334,5331.675,57.77791666666667,121.22541666666666,28.1775,31.232916666666668,86.0575,Delhi
2025-01-15,580.1225000000001,636.5929166666666,5672.137916666667,71.95333333333333,130.15041666666667,14.557916666666666,12.119583333333331,91.77125,Delhi
2025-01-16,330.57041666666663,400.4270833333333,4187.345416666667,69.04166666666667,110.70083333333334,16.227083333333333,12.879166666666668,94.56291666666668,Delhi
2025-01-17,165.03541666666666,194.57291666666663,1786.8670833333333,5.762083333333333,60.92,10.174166666666666,43.50958333333333,47.01875,Delhi
2025-01-18,357.51500000000004,416.73333333333335,4194.019583333334,45.64208333333334,112.31458333333336,23.43625,18.241666666666667,68.02916666666667,Delhi
2025-01-19,397.15,460.7529166666666,4617.37375,50.77666666666667,115.81333333333332,12.344583333333333,21.42333333333333,62.67458333333334,Delhi
2025-01-20,223.07333333333332,255.63,2075.037083333333,7.503333333333333,60.961666666666666,10.01125,45.88541666666666,43.91791666666666,Delhi
2025-01-21,283.4770833333333,319.41291666666666,2126.773333333333,3.872083333333333,60.41958333333333,11.297916666666666,68.94458333333334,53.09958333333333,Delhi
2025-01-22,309.26875,363.42625,3348.4308333333333,27.594583333333333,101.43333333333334,18.92458333333333,38.36833333333333,75.81750000000001,Delhi
2025-01-23,189.63125,224.87625,2150.13875,13.528333333333334,61.248333333333335,14.688333333333333,64.22541666666666,53.94291666666667,Delhi
2025-01-24,117.63125,139.98708333333337,1331.8070833333334,5.178333333333334,41.44125,13.663333333333334,74.13916666666667,46.57041666666667,Delhi
2025-01-25,98.64416666666666,124.02166666666666,1258.9304166666666,2.922916666666667,42.62666666666667,16.091666666666665,62.68833333333333,33.61708333333333,Delhi
2025-01-26,166.72333333333333,200.7795833333333,1895.9054166666667,7.1225,61.9475,16.677916666666665,46.28958333333333,41.92166666666667,Delhi
2025-01-27,169.31583333333333,205.98041666666663,2073.3679166666666,15.54375,66.23125,17.78375,42.38625,52.10458333333333,Delhi
2025-01-28,333.73041666666666,410.8233333333333,4339.219166666667,57.74583333333334,118.72583333333334,27.411666666666665,33.9275,74.80416666666666,Delhi
2025-01-29,332.815,376.77875,2417.7229166666666,16.1975,67.01666666666667,11.753749999999998,79.53791666666667,70.49291666666666,Delhi
2025-01-30,351.4745833333333,410.9379166666667,3451.90375,33.29625,90.10833333333332,19.75208333333333,41.62416666666667,63.6375,Delhi
2025-01-31,352.2829166666667,408.94458333333336,3504.197083333333,40.047916666666666,85.18124999999999,18.384166666666665,51.840833333333336,52.82833333333334,Delhi
2025-02-01,216.5664,263.4248,1776.2748,7.1488,59.662,13.5272,52.6048,50.85,Delhi
2025-02-02,155.03041666666667,193.98791666666668,1462.5395833333332,5.87125,45.21083333333333,11.600416666666668,62.47833333333333,41.017500000000005,Delhi
2025-02-03,308.92833333333334,381.52,3695.010833333333,30.60625,107.15875,29.40125,41.39625,84.0025,Delhi
2025-02-04,285.31666666666666,344.7183333333333,3572.0654166666664,43.21041666666667,112.67125,20.113333333333333,18.41708333333333,98.36791666666666,Delhi
2025-02-05,182.79625,221.59416666666667,1921.4945833333331,13.129583333333334,57.24958333333333,16.629583333333333,47.97083333333333,52.45208333333333,Delhi
2025-02-06,118.00166666666668,145.2175,1116.7925,2.585,37.1425,16.31833333333333,91.82083333333333,46.44083333333333,Delhi
2025-02-07,111.72375,132.915,1048.9225,1.56875,32.08083333333333,17.601666666666667,101.17916666666667,40.461666666666666,Delhi
2025-02-08,118.47875,147.75541666666666,1253.3654166666668,1.8520833333333333,42.5625,17.701666666666664,78.08125,38.47416666666667,Delhi
2025-02-09,270.24875000000003,331.10875,2853.315,19.100416666666664,79.07083333333334,20.780833333333334,57.26416666666666,56.484583333333326,Delhi
2025-02-10,324.6375,405.2791666666667,3649.1145833333335,34.3825,88.54541666666667,26.979166666666668,46.03833333333333,64.42291666666667,Delhi
2025-02-11,355.75499999999994,433.96791666666667,3754.258333333333,40.90583333333333,93.52125,22.899583333333336,47.22333333333333,78.43916666666667,Delhi
2025-02-12,88.25208333333335,117.6125,1119.0166666666669,8.274166666666666,31.381666666666664,16.16541666666667,81.33083333333333,39.74666666666666,Delhi
2025-02-13,86.17750000000001,110.01,935.71375,1.5629166666666665,32.54333333333333,17.336666666666666,91.31416666666668,40.86833333333333,Delhi
2025-02-14,126.99291666666666,161.84666666666666,1395.50375,2.7258333333333336,50.29541666666666,21.00625,72.99416666666666,48.915416666666665,Delhi
2025-02-15,192.68,244.45708333333332,2597.9666666666667,23.311666666666667,74.27166666666666,27.01083333333333,49.07291666666666,63.00208333333333,Delhi
2025-02-16,233.61166666666668,290.24583333333334,2731.4816666666666,24.10125,78.85458333333334,23.97875,56.202916666666674,79.175,Delhi
2025-02-17,317.7420833333333,398.9620833333333,3839.650833333333,37.60375,102.175,31.88791666666667,46.078333333333326,78.53916666666667,Delhi
2025-02-18,264.60041666666666,330.65375,3388.205416666666,36.450833333333335,83.33916666666667,31.56458333333333,33.614583333333336,63.76666666666667,Delhi
2025-02-19,209.6833333333333,261.36,2982.099166666667,35.1725,81.16166666666666,25.65375,46.330000000000005,66.23166666666667,Delhi
2025-02-20,71.62583333333333,85.48625,969.9266666666668,2.805,45.31125,10.927916666666668,70.14,59.903333333333336,Delhi
2025-02-21,113.56,143.95000000000002,1625.2608333333335,11.55625,64.64666666666666,14.061666666666667,54.07791666666666,72.46958333333333,Delhi
2025-02-22,103.12708333333336,120.685,1053.3729166666667,2.06125,30.737916666666667,9.971666666666666,90.20541666666666,35.642916666666665,Delhi
2025-02-23,158.49083333333334,202.64,2350.688333333333,18.332083333333333,60.33416666666667,19.730416666666667,52.375416666666666,44.09708333333333,Delhi
2025-02-24,228.85833333333332,295.51875,3455.24125,36.145,82.46916666666667,29.129166666666663,48.01416666666666,62.565,Delhi
2025-02-25,271.3433333333333,348.1058333333333,4029.353333333333,38.27916666666667,109.80125,34.983333333333334,52.835,80.765,Delhi
2025-02-26,322.71708333333333,399.3875000000001,4259.11,46.99541666666667,104.07625,35.11,43.747083333333336,72.69708333333334,Delhi
2025-02-27,120.23916666666666,142.48125000000002,1463.3733333333332,3.200416666666667,70.91666666666667,17.01,27.63,74.48625,Delhi
2025-02-28,69.70708333333333,87.29166666666667,1305.9379166666663,10.899166666666666,58.89166666666667,13.545416666666666,24.37833333333333,67.24291666666666,Delhi
2025-03-01,101.2136,130.4784,1844.1012,19.334,71.7128,12.364,28.092,64.8412,Delhi
2025-03-02,78.05333333333333,107.05833333333334,1274.50625,3.5141666666666667,42.00208333333333,13.395,63.524166666666666,37.51041666666666,Delhi
2025-03-03,197.9991666666667,249.82083333333333,2487.8179166666664,21.1475,79.88375,25.956666666666667,88.01583333333333,81.31125,Delhi
2025-03-04,55.19541666666667,86.9825,770.2108333333334,2.6495833333333336,23.8625,14.852083333333333,92.32708333333332,28.8775,Delhi
2025-03-05,46.2,54.61,620.84,0.0,14.74,8.74,82.25,20.03,Delhi
2025-03-06,,,,,,,,,Delhi
2025-03-07,303.29478260869564,381.56565217391307,3848.1165217391294,32.85739130434783,103.01217391304348,42.60695652173913,79.62695652173913,95.4091304347826,Delhi
2025-03-08,220.0808333333333,279.37708333333336,3267.20875,29.06583333333333,89.0625,31.343333333333334,61.528333333333336,57.46875,Delhi
2025-03-09,150.9391666666667,192.08541666666667,2131.22375,16.44333333333333,65.82458333333334,24.38458333333333,92.38291666666667,54.439166666666665,Delhi
2025-03-10,118.40166666666666,154.0075,1422.2066666666667,1.929166666666667,52.365,21.812083333333334,75.92416666666666,51.34,Delhi
2025-03-11,233.45625,297.78916666666663,2543.449583333333,12.832083333333332,76.97708333333334,26.66208333333333,75.40375,73.77125,Delhi
2025-03-12,126.89958333333334,169.5975,1744.5875,4.676666666666667,55.6575,21.875833333333333,59.94916666666666,48.359583333333326,Delhi
2025-03-13,159.81875,209.775,2243.5979166666666,16.3425,71.11625,23.174166666666668,64.00416666666668,66.22,Delhi
2025-03-14,141.91416666666666,183.88333333333333,2092.56125,18.093333333333334,62.677083333333336,19.57708333333333,82.19208333333334,54.865833333333335,Delhi
2025-03-15,45.12125,68.79375,884.8112500000001,1.3816666666666668,39.61375,16.057916666666667,73.53750000000001,51.61708333333333,Delhi
2025-03-16,53.23500000000001,77.62833333333333,986.0604166666668,2.9008333333333334,34.19375,17.0575,76.94875,42.35791666666667,Delhi
2025-03-17,65.2675,86.89916666666666,1201.9075,5.290416666666666,38.352916666666665,19.36625,78.94208333333333,47.36625,Delhi
2025-03-18,86.34958333333333,112.24958333333336,1380.205416666667,3.0558333333333336,47.30708333333333,20.81583333333333,82.50583333333333,48.5075,Delhi
2025-03-19,104.54166666666669,143.87166666666667,1724.5600000000002,11.431666666666668,53.82958333333334,25.47958333333333,64.17625,54.220416666666665,Delhi
2025-03-20,97.05041666666666,137.66708333333332,1581.8683333333336,9.192083333333334,52.60166666666667,24.675416666666667,78.78791666666667,62.23666666666667,Delhi
2025-03-21,69.10791666666667,94.99041666666666,1115.4008333333334,3.704583333333333,37.7175,21.780833333333334,80.23583333333333,44.068333333333335,Delhi
2025-03-22,117.0,163.11958333333334,1987.557083333333,11.059583333333334,57.239583333333336,26.35083333333333,54.95416666666667,48.51416666666666,Delhi
2025-03-23,224.80666666666664,290.75625,3540.9150000000004,21.60833333333333,101.41583333333334,33.174166666666665,80.19625,78.04208333333334,Delhi
2025-03-24,193.365,250.4025,2736.7675,10.798333333333332,84.91708333333334,32.31375,84.84958333333334,73.095,Delhi
2025-03-25,191.53041666666664,256.21125,2623.5575,11.2375,77.34958333333333,33.495416666666664,89.43124999999999,72.42,Delhi
2025-03-26,268.53,339.68,3471.37,15.65,101.45,31.66,0.03,66.76,Delhi
2025-03-27,130.87521739130435,198.69652173913045,2534.597391304348,26.37782608695652,68.23260869565217,30.72086956521739,61.33217391304348,69.87739130434782,Delhi
2025-03-28,34.979166666666664,56.45166666666666,614.7220833333333,1.3733333333333333,20.549166666666668,16.783333333333335,121.98083333333334,30.28875,Delhi
2025-03-29,34.615833333333335,44.9825,620.5629166666666,0.7495833333333333,17.6325,16.614583333333332,133.06791666666666,26.105,Delhi
2025-03-30,33.04,42.95,647.54,0.0,22.62,19.76,85.83,35.76,Delhi
2025-03-31,,,,,,,,,Delhi
2025-04-01,,,,,,,,,Delhi
2025-04-02,,,,,,,,,Delhi
2025-04-03,,,,,,,,,Delhi
2025-04-04,34.95652173913044,45.320869565217386,625.4852173913043,0.7821739130434782,17.713478260869568,16.433913043478263,134.4373913043478,26.17217391304348,Delhi
2025-04-05,33.04,42.95,647.54,0.0,22.62,19.76,85.83,35.76,Delhi
2025-04-06,37.305217391304346,85.34695652173913,332.5234782608696,0.3878260869565217,9.339130434782607,34.75608695652174,87.0404347826087,3.471304347826087,Delhi
2025-04-07,43.900416666666665,89.66958333333334,397.63916666666665,0.3616666666666666,11.717916666666667,34.60125,88.85958333333333,4.863333333333333,Delhi
2025-04-08,53.20458333333334,90.51208333333334,477.8733333333334,0.2891666666666666,14.73125,44.215833333333336,87.94708333333334,6.2250000000000005,Delhi
2025-04-09,62.14666666666667,98.7475,412.64208333333335,0.1999999999999999,9.067916666666669,31.655833333333334,98.315,5.9625,Delhi
2025-04-10,61.123333333333335,98.01875,404.6404166666667,0.2870833333333333,8.290000000000001,32.12916666666667,100.82583333333334,6.32,Delhi
2025-04-11,50.74791666666667,87.15833333333335,311.3245833333333,0.1604166666666666,5.8812500000000005,22.675416666666667,94.29125,3.52,Delhi
2025-04-12,46.50541666666667,78.2325,328.32125,0.1895833333333333,6.989583333333333,29.35875,87.80166666666666,2.6833333333333336,Delhi
2025-04-13,46.2825,74.11166666666666,356.0754166666666,0.17125,6.588333333333334,29.10875,99.53625,3.9170833333333337,Delhi
2025-04-14,58.96416666666667,83.27499999999999,413.2295833333333,0.2141666666666666,8.0325,32.281666666666666,115.58291666666666,6.817916666666666,Delhi
2025-04-15,62.40375,82.85166666666667,484.0266666666666,0.13,9.587916666666668,36.11208333333333,113.90291666666668,6.117916666666667,Delhi
2025-04-16,65.6975,85.96041666666667,506.3016666666667,0.1454166666666666,10.31375,34.14041666666667,108.11166666666666,5.4366666666666665,Delhi
2025-04-17,56.0075,90.07291666666669,417.7429166666666,0.1829166666666666,9.112083333333333,29.515416666666667,99.93416666666668,5.531666666666666,Delhi
2025-04-18,58.82333333333333,115.675,384.22,0.33625,8.903333333333334,31.91333333333333,98.36041666666668,6.260416666666667,Delhi
2025-04-19,64.61,109.93,420.59,0.0,7.45,48.46,60.93,4.37,Delhi
2025-04-20,38.83391304347826,127.50695652173911,222.89913043478265,0.328695652173913,5.640869565217392,21.545652173913044,92.4991304347826,3.2343478260869567,Delhi
2025-04-21,20.25875,64.66333333333334,226.3058333333333,0.1425,6.244583333333334,19.879583333333333,110.29625,3.2266666666666666,Delhi
2025-04-22,23.526666666666667,64.03625000000001,259.3254166666667,0.2479166666666666,7.294583333333333,22.149583333333336,111.74875,3.9175,Delhi
2025-04-23,23.019166666666667,62.181666666666665,299.30333333333334,0.3766666666666666,9.455416666666666,24.67708333333333,101.82958333333332,4.059583333333333,Delhi
2025-04-24,23.55125,66.36541666666666,283.86791666666664,0.3195833333333333,9.291666666666666,24.307916666666667,99.17875,4.107083333333333,Delhi
2025-04-25,30.982916666666668,82.59875,349.25708333333336,0.4566666666666666,12.309166666666668,30.61375,90.6575,5.471666666666667,Delhi
2025-04-26,34.79625,84.56666666666666,295.69875,0.2754166666666667,8.315,34.02333333333333,98.55125,4.607916666666667,Delhi
2025-04-27,35.93125,78.23958333333333,300.64208333333335,0.3033333333333333,8.230416666666667,33.264583333333334,103.54541666666668,3.5595833333333338,Delhi
2025-04-28,37.765,72.30541666666666,293.94166666666666,0.22,5.927499999999999,22.835416666666664,130.24458333333334,5.982083333333333,Delhi
2025-04-29,56.790416666666665,78.54625,381.3941666666667,0.1070833333333333,6.701666666666667,30.86583333333333,140.84458333333333,8.117083333333333,Delhi
2025-04-30,57.91041666666666,77.69125,352.75375,0.0954166666666666,5.0925,27.29208333333333,143.02916666666667,7.908333333333334,Delhi
2025-05-01,60.18,76.1684,370.288,0.0784,4.7824,30.7568,142.3832,9.5912,Delhi
2025-05-02,54.50625,66.07416666666667,442.88708333333335,0.0629166666666666,6.045000000000001,32.772083333333335,126.20458333333332,5.927916666666667,Delhi
2025-05-03,49.60958333333334,68.81166666666667,448.08625,0.0999999999999999,8.255833333333333,44.30458333333333,101.73166666666668,3.4279166666666665,Delhi
2025-05-04,40.69625,76.59291666666667,350.2225,0.1120833333333333,7.173333333333333,37.56458333333333,89.91583333333334,1.895,Delhi
2025-05-05,39.49375,82.88625,330.4429166666667,0.1833333333333333,8.656666666666666,42.86000000000001,78.98541666666667,2.254166666666667,Delhi
2025-05-06,32.672916666666666,54.69958333333333,326.8533333333333,0.21375,7.94,35.937083333333334,84.32333333333334,2.71875,Delhi
2025-05-07,24.03,33.7625,337.7104166666667,0.1433333333333333,8.01,30.8875,81.53958333333334,1.850833333333333,Delhi
2025-05-08,36.678333333333335,49.42250000000001,468.0970833333333,0.3879166666666667,12.208333333333334,45.58625,74.23,2.7075,Delhi
2025-05-09,30.327916666666667,43.812916666666666,402.29833333333335,0.4083333333333334,10.092916666666666,48.36041666666667,81.01083333333334,2.106666666666667,Delhi
2025-05-10,31.874166666666667,44.84708333333333,372.3208333333334,0.2358333333333333,6.730833333333333,44.13458333333333,95.34916666666668,1.8625,Delhi
2025-05-11,33.24666666666667,55.13999999999999,406.69,0.14875,7.342916666666666,41.23416666666667,103.83958333333334,2.688333333333333,Delhi
2025-05-12,46.020833333333336,110.95208333333332,366.5841666666667,0.2816666666666667,9.0425,43.640833333333326,88.36083333333333,3.9479166666666665,Delhi
2025-05-13,43.0375,106.785,294.4458333333333,0.12375,9.053333333333333,35.285833333333336,81.64666666666666,3.63375,Delhi
2025-05-14,41.594166666666666,104.30291666666666,302.20625,0.1745833333333333,9.725833333333332,33.687916666666666,81.09458333333333,3.752083333333333,Delhi
2025-05-15,38.87375,99.70125,309.27958333333333,0.27625,10.812083333333334,36.64083333333333,81.61708333333333,3.8004166666666666,Delhi
2025-05-16,36.76708333333334,92.26916666666666,292.91375,0.1875,10.2,34.86625,83.76583333333333,3.88625,Delhi
2025-05-17,32.54625,76.10583333333334,218.53708333333336,0.1054166666666666,6.012083333333333,28.5175,88.11541666666666,3.01125,Delhi
2025-05-18,29.81583333333333,73.44583333333334,211.4658333333333,0.0775,6.30375,37.29416666666666,84.545,2.9304166666666664,Delhi
2025-05-19,36.54291666666666,78.76791666666666,276.2866666666667,0.27625,7.216666666666666,36.01625,87.01708333333333,3.2983333333333333,Delhi
2025-05-20,46.809583333333336,101.7525,315.9683333333333,0.2912499999999999,7.236666666666667,36.02833333333333,90.32375,4.536666666666666,Delhi
2025-05-21,55.55916666666667,113.15625,323.93,0.2145833333333333,6.234166666666667,34.97125,101.24916666666668,5.1433333333333335,Delhi
2025-05-22,79.57791666666667,128.17375,384.1045833333333,0.2679166666666666,4.9125000000000005,37.67791666666667,121.25583333333331,6.226666666666667,Delhi
2025-05-23,77.91791666666667,116.15875,374.6741666666667,0.0925,3.435,32.56,132.2795833333333,7.00375,Delhi
2025-05-24,68.03,89.19583333333333,359.135,0.0633333333333333,2.41625,27.68625,132.64291666666668,5.0529166666666665,Delhi
2025-05-25,66.80958333333334,78.27875,362.5583333333333,0.0879166666666666,2.7216666666666662,25.352083333333336,122.605,3.5875,Delhi
2025-05-26,57.430416666666666,66.78916666666667,404.04625,0.0791666666666666,4.82,27.217916666666667,123.42333333333332,4.105833333333334,Delhi
2025-05-27,52.68708333333333,64.01958333333333,410.96583333333336,0.0808333333333333,5.023333333333333,35.47541666666667,113.98458333333332,4.285833333333334,Delhi
2025-05-28,57.497083333333336,73.10625,409.16375,0.1208333333333333,5.4120833333333325,34.89625,118.8225,5.68875,Delhi
2025-05-29,67.98041666666667,110.34666666666668,446.0375,0.0708333333333333,9.308333333333334,41.0925,98.95291666666668,4.507083333333333,Delhi
2025-05-30,67.28,145.38875,379.5725,0.1495833333333333,9.91,46.06916666666667,84.91416666666667,2.9154166666666668,Delhi
2025-05-31,43.625416666666666,139.20583333333337,208.84416666666667,0.1795833333333333,5.763750000000001,29.750416666666663,88.17291666666667,2.858333333333333,Delhi
2025-06-01,30.5756,99.3456,156.0212,0.0472,4.2904,15.2212,84.8372,1.5696,Delhi
2025-06-02,25.008750000000003,62.385,178.49916666666664,0.0808333333333333,4.71125,13.087916666666668,86.91375,1.9470833333333333,Delhi
2025-06-03,23.48125,42.4025,246.12416666666664,0.1029166666666666,8.125,17.48375,75.85125000000001,2.1416666666666666,Delhi
2025-06-04,33.766666666666666,74.45333333333333,297.2391666666667,0.1875,9.565,23.427916666666665,87.36041666666667,2.5641666666666665,Delhi
2025-06-05,38.59333333333333,80.86833333333333,284.38291666666663,0.1175,7.820416666666667,20.574166666666667,99.11666666666666,2.69125,Delhi
2025-06-06,45.35666666666666,110.82208333333334,308.27416666666664,0.1991666666666667,8.59875,22.10375,90.09583333333336,2.7783333333333338,Delhi
2025-06-07,57.736250000000005,121.37458333333336,338.2704166666667,0.1929166666666666,7.812916666666666,25.597916666666663,99.28333333333336,3.592916666666667,Delhi
2025-06-08,48.403333333333336,118.53041666666668,295.77416666666664,0.2104166666666666,9.312916666666666,28.24416666666667,83.5325,3.209583333333333,Delhi
2025-06-09,31.610416666666666,92.28541666666666,209.91583333333327,0.1687499999999999,7.225416666666667,20.1025,88.68,3.0104166666666665,Delhi
2025-06-10,28.77583333333333,76.03291666666667,232.99291666666667,0.1279166666666666,8.764583333333333,24.535416666666663,88.33666666666666,3.0475,Delhi
2025-06-11,38.95583333333333,86.97625,314.04625,0.2441666666666666,10.401666666666666,27.20458333333333,84.47666666666667,4.139583333333333,Delhi
2025-06-12,84.63041666666666,135.895,421.68125,0.3483333333333334,7.638750000000001,28.33083333333333,120.32458333333334,7.291250000000001,Delhi
2025-06-13,76.05791666666667,99.65,447.5783333333333,0.0941666666666666,5.121666666666667,20.34875,127.61875,6.06375,Delhi
2025-06-14,61.59291666666667,83.91583333333334,437.0558333333333,0.1479166666666666,8.264583333333333,25.49125,103.03875,5.028333333333333,Delhi
2025-06-15,55.28958333333333,74.11625,383.7275,0.1208333333333333,7.5075,22.4575,93.40791666666668,3.245,Delhi
2025-06-16,44.005,50.46541666666667,537.0233333333333,0.1379166666666666,5.939166666666666,10.992083333333332,102.1025,2.905,Delhi
2025-06-17,27.706666666666667,34.28625,445.67125,0.07875,7.342083333333332,11.737916666666663,88.18708333333332,1.8083333333333331,Delhi
2025-06-18,16.045833333333334,23.5125,288.96583333333336,0.1941666666666666,7.993749999999999,11.24375,60.41916666666666,1.3966666666666667,Delhi
2025-06-19,14.590416666666668,19.475416666666664,285.86375,0.1320833333333333,6.732916666666667,7.529166666666666,54.33708333333333,1.11375,Delhi
2025-06-20,21.36083333333333,27.55625,401.8566666666666,0.0904166666666666,9.302083333333334,8.175833333333333,52.26291666666666,1.31875,Delhi
2025-06-21,15.76875,23.870416666666667,285.1958333333333,0.13875,5.707916666666667,10.737083333333333,66.27458333333333,1.0366666666666666,Delhi
2025-06-22,7.40125,15.32125,238.0795833333333,0.05625,4.755,9.581666666666669,65.52333333333333,0.955,Delhi
2025-06-23,20.85333333333333,29.42958333333333,372.4016666666666,0.165,7.12125,12.661666666666669,80.29666666666667,1.9295833333333332,Delhi
2025-06-24,33.62916666666667,47.80583333333333,405.32625,0.2220833333333333,7.1937500000000005,16.663333333333334,86.83583333333333,1.8641666666666667,Delhi
2025-06-25,30.96291666666667,39.3525,520.55875,0.1216666666666666,6.385416666666667,11.35125,87.90625,2.1175,Delhi
2025-06-26,24.22833333333333,29.692916666666665,423.40125,0.0566666666666666,5.1883333333333335,10.547916666666667,88.45958333333333,2.0104166666666665,Delhi
2025-06-27,21.42708333333333,25.586250000000003,346.1658333333333,0.1208333333333333,4.885,7.796666666666667,86.95833333333333,1.2679166666666666,Delhi
2025-06-28,14.601666666666668,21.657083333333333,273.34083333333336,0.0970833333333333,5.024166666666667,13.987083333333333,79.23833333333333,1.3741666666666663,Delhi
2025-06-29,7.187083333333334,13.255833333333332,188.85458333333332,0.0349999999999999,4.940416666666667,10.331666666666669,59.84458333333333,1.16375,Delhi
2025-06-30,7.333749999999999,13.700833333333334,204.5133333333333,0.1195833333333333,7.517916666666667,9.605833333333331,41.44375,1.3516666666666666,Delhi
2025-07-01,22.756,30.803600000000003,408.2048,0.2552,14.6,9.7952,40.966,1.7664000000000002,Delhi
2025-07-02,45.075,51.182500000000005,570.8220833333334,0.4566666666666666,9.161666666666669,6.048333333333333,75.28958333333334,1.8516666666666663,Delhi
2025-07-03,40.69416666666667,45.06583333333333,674.8025,0.10375,7.707083333333333,5.710416666666667,92.69333333333331,1.2404166666666667,Delhi
2025-07-04,38.9475,43.709583333333335,616.6191666666667,0.1304166666666666,7.604583333333333,5.449166666666667,94.98,1.159166666666667,Delhi
2025-07-05,21.729166666666668,26.8675,496.56916666666666,0.11375,8.164583333333333,5.4725,82.51541666666667,0.98,Delhi
2025-07-06,17.330000000000002,21.89625,353.1270833333333,0.1266666666666666,6.79375,4.677083333333333,73.55666666666667,0.8983333333333334,Delhi
2025-07-07,22.860416666666666,33.74,362.83833333333337,0.2579166666666667,10.985833333333334,8.864583333333334,55.26541666666666,1.887916666666667,Delhi
2025-07-08,9.4475,19.39708333333333,244.34,0.1295833333333333,9.372083333333334,8.535416666666666,54.19041666666666,1.4745833333333334,Delhi
2025-07-09,8.915416666666667,16.280833333333334,267.945,0.1158333333333333,11.848333333333334,6.201250000000001,38.55416666666667,1.26,Delhi
2025-07-10,22.282916666666665,29.817916666666665,343.9579166666667,0.4725,12.054583333333332,5.913333333333333,49.04083333333333,1.4154166666666663,Delhi
2025-07-11,17.634583333333335,24.96375,299.4820833333333,0.4408333333333333,11.215416666666668,5.800833333333333,46.38666666666666,1.2645833333333334,Delhi
2025-07-12,17.094583333333333,25.885416666666668,306.3958333333333,0.3733333333333333,10.468333333333332,7.669583333333333,47.55583333333333,1.0875,Delhi
2025-07-13,28.285416666666663,32.00875,509.6425,0.1687499999999999,9.987083333333333,4.905,58.88291666666667,1.3925,Delhi
2025-07-14,23.705416666666668,25.73375,466.7875,0.1033333333333333,8.084583333333333,2.860416666666667,52.1375,1.3691666666666666,Delhi
2025-07-15,13.065,17.574583333333333,311.75375,0.1804166666666666,8.299999999999999,4.823333333333333,49.98916666666667,1.2033333333333334,Delhi
2025-07-16,13.58625,22.37,389.53041666666667,0.22375,8.749166666666666,6.947916666666667,66.18125,1.3758333333333337,Delhi
2025-07-17,27.08458333333333,32.61708333333333,450.5604166666667,0.1374999999999999,12.455,5.6433333333333335,46.97833333333333,1.4283333333333337,Delhi
2025-07-18,36.72666666666667,39.31458333333333,441.55625,0.2616666666666666,8.392083333333334,2.8820833333333336,63.16833333333333,2.4691666666666667,Delhi
2025-07-19,10.634583333333332,14.055833333333332,174.54458333333332,0.1554166666666666,5.005833333333333,4.09375,54.915416666666665,0.9366666666666666,Delhi
2025-07-20,14.9425,22.35625,224.05208333333331,0.4029166666666667,8.565,7.709166666666667,44.31166666666667,1.3058333333333334,Delhi
2025-07-21,19.50875,28.562916666666663,328.3854166666667,0.6429166666666667,13.975,8.412083333333333,30.18625,1.6304166666666668,Delhi
2025-07-22,18.032083333333333,26.410833333333333,297.955,1.2916666666666667,9.961666666666668,5.989583333333333,41.85916666666667,1.4204166666666669,Delhi
2025-07-23,9.82125,17.31,212.12,0.3025,8.45375,5.054583333333333,38.415,1.5208333333333333,Delhi
2025-07-24,13.888333333333334,30.915000000000003,193.1175,0.2425,6.458333333333333,6.160416666666666,55.31708333333333,1.3829166666666666,Delhi
2025-07-25,17.39708333333333,39.07333333333333,275.28291666666667,0.2958333333333333,10.762916666666667,7.885416666666667,47.18166666666667,1.6358333333333333,Delhi
2025-07-26,40.195,51.86625,402.94458333333336,0.2216666666666666,9.7625,7.132083333333333,56.2475,1.7208333333333332,Delhi
2025-07-27,35.54333333333333,40.91,488.06666666666666,0.15375,10.2325,7.466666666666666,61.01,1.6429166666666666,Delhi
2025-07-28,23.99291666666667,29.160416666666663,429.1283333333333,0.2799999999999999,9.120416666666666,5.980833333333333,61.07958333333334,1.215833333333333,Delhi
2025-07-29,19.7425,32.74625,353.3825,0.21375,14.7825,7.388333333333333,27.025,1.6983333333333333,Delhi
2025-07-30,27.58833333333333,31.72375,697.6520833333334,1.4641666666666666,18.46125,5.785833333333334,17.190416666666668,1.3475,Delhi
2025-07-31,15.847916666666668,19.522916666666667,362.145,0.6683333333333333,11.632916666666668,3.900833333333333,28.325833333333332,1.1716666666666666,Delhi
2025-08-01,12.1692,17.924400000000002,201.95,0.2356,7.8256,2.332,44.1508,1.1744,Delhi
2025-08-02,10.879166666666668,22.44,178.8425,0.13,6.572083333333333,2.6075,46.15875,1.1229166666666666,Delhi
2025-08-03,10.64875,23.5475,188.3841666666667,0.1054166666666666,7.08625,2.4625,41.76,1.2804166666666668,Delhi
2025-08-04,8.632083333333332,19.04125,187.9545833333333,0.1520833333333333,7.354583333333333,3.1079166666666667,40.16791666666666,1.5204166666666667,Delhi
2025-08-05,7.744583333333334,14.72125,190.30375,0.1504166666666666,6.596666666666667,2.4758333333333336,44.62916666666666,1.3320833333333333,Delhi
2025-08-06,11.27375,21.875416666666663,208.71916666666667,0.29375,7.426666666666667,3.28375,48.470416666666665,1.4254166666666668,Delhi
2025-08-07,14.090000000000002,35.28,191.31833333333336,0.3258333333333333,6.2058333333333335,3.484583333333333,55.55416666666667,1.6620833333333334,Delhi
2025-08-08,15.1425,44.79624999999999,253.845,0.4345833333333333,11.54375,4.8429166666666665,36.26125,1.9725,Delhi
2025-08-09,16.13375,37.736666666666665,245.18833333333336,0.2595833333333333,10.234583333333331,3.26625,31.81041666666667,1.2241666666666666,Delhi
2025-08-10,15.070833333333333,34.30625,227.94458333333333,0.24875,9.1625,3.317916666666666,36.8525,1.2220833333333332,Delhi
2025-08-11,10.958333333333334,26.791666666666668,202.51916666666668,0.1641666666666666,8.280833333333334,3.2641666666666667,38.68666666666667,1.665,Delhi
2025-08-12,10.960416666666667,24.62375,225.6170833333333,0.2679166666666666,9.949166666666668,4.555416666666667,34.82875,1.8825,Delhi
2025-08-13,9.893333333333333,20.84541666666667,249.07041666666663,0.5004166666666666,11.380833333333332,4.156666666666667,28.68875,1.5829166666666667,Delhi
2025-08-14,18.0125,22.75333333333333,336.74375000000003,0.6633333333333333,12.031666666666666,2.7445833333333334,25.1225,1.257083333333333,Delhi
2025-08-15,62.08791666666667,67.88625,683.9079166666667,0.5720833333333333,11.005833333333332,2.94,58.62708333333333,1.42875,Delhi
2025-08-16,41.8875,45.87125,499.76416666666665,0.13375,8.545,2.5825,60.305,1.403333333333333,Delhi
2025-08-17,19.0525,21.59375,359.6879166666667,0.0895833333333333,5.989583333333333,2.025416666666666,67.29833333333333,1.4608333333333334,Delhi
2025-08-18,34.524166666666666,38.27666666666666,369.0279166666666,0.13625,6.6691666666666665,2.1666666666666665,68.44458333333334,1.9320833333333327,Delhi
2025-08-19,38.19791666666666,41.46791666666667,362.3241666666667,0.1841666666666666,5.5058333333333325,1.9408333333333327,74.95458333333333,1.9483333333333333,Delhi
2025-08-20,23.93208333333333,26.004166666666663,315.97666666666663,0.1641666666666666,5.929166666666667,1.9320833333333327,65.985,1.7212500000000002,Delhi
2025-08-21,18.36833333333333,21.32208333333333,459.34875,0.1258333333333333,11.798333333333334,2.5191666666666666,41.30583333333333,1.32875,Delhi
2025-08-22,20.36,24.48,543.3479166666667,0.5645833333333333,17.333333333333332,3.8754166666666663,32.17458333333334,2.1320833333333336,Delhi
2025-08-23,16.845,18.70083333333333,508.4816666666666,0.1845833333333333,13.5725,1.7183333333333335,26.72458333333333,1.4029166666666668,Delhi
2025-08-24,28.832083333333333,30.84708333333333,630.5933333333334,0.2758333333333333,12.835416666666667,2.3000000000000003,27.016666666666666,1.1700000000000002,Delhi
2025-08-25,29.605833333333333,33.74791666666667,664.5179166666667,0.5591666666666667,16.350416666666664,3.1129166666666666,18.917916666666667,1.3491666666666668,Delhi
2025-08-26,29.660833333333333,34.53875,616.1095833333333,1.2933333333333332,13.340000000000002,2.924166666666667,24.7375,1.21625,Delhi
2025-08-27,33.393750000000004,38.74625,496.79041666666666,0.7133333333333333,11.685,3.492083333333333,40.665416666666665,1.2020833333333334,Delhi
2025-08-28,25.255,30.328333333333333,477.0845833333333,0.4841666666666667,11.730416666666663,3.14,41.16916666666666,1.1725,Delhi
2025-08-29,22.004583333333333,26.214166666666667,540.14,0.4929166666666666,11.840833333333334,2.405,32.29708333333333,1.485,Delhi
2025-08-30,25.339166666666667,28.425833333333333,550.6745833333333,0.2741666666666666,11.625833333333333,2.5395833333333333,34.35583333333333,1.3125,Delhi
2025-08-31,20.80125,23.72666666666667,534.79,0.3154166666666667,12.107916666666666,2.717916666666667,22.57041666666667,0.9725,Delhi
2025-09-01,8.8976,10.9792,307.274,0.3716,7.0084,1.1072,30.048,0.9676,Delhi
2025-09-02,13.395,17.355,352.9575,0.3141666666666666,8.171666666666667,1.2837500000000002,27.277083333333334,1.1408333333333334,Delhi
2025-09-03,31.002916666666664,34.04208333333333,525.0970833333333,0.1729166666666667,9.949583333333331,1.0208333333333333,34.1975,1.5370833333333334,Delhi
2025-09-04,24.617500000000003,27.402916666666663,400.81708333333336,0.1695833333333333,9.225,0.7125,42.297916666666666,2.76625,Delhi
2025-09-05,29.07208333333333,30.264166666666668,393.05958333333336,0.1995833333333333,7.0775,0.455,59.47958333333333,1.850833333333333,Delhi
2025-09-06,14.210416666666667,15.674583333333333,271.80583333333334,0.0495833333333333,3.5854166666666667,0.68,51.8175,0.8125,Delhi
2025-09-07,15.73,18.37833333333333,236.965,0.15,3.98875,0.8508333333333334,50.588750000000005,1.52625,Delhi
2025-09-08,13.96375,20.46125,258.77500000000003,0.2441666666666666,7.03125,1.9845833333333331,43.75625,1.6583333333333332,Delhi
2025-09-09,17.907500000000002,26.82333333333333,256.9195833333333,0.375,5.685416666666666,2.5229166666666667,58.63625,1.580833333333333,Delhi
2025-09-10,15.121250000000002,34.19958333333333,178.81875,0.1399999999999999,3.70625,2.5383333333333336,68.34541666666667,1.4341666666666668,Delhi
2025-09-11,14.894166666666663,36.64291666666667,178.76291666666668,0.1158333333333333,4.764583333333333,2.497916666666667,58.63375,1.8733333333333333,Delhi
2025-09-12,15.375416666666666,35.07125,201.89625,0.1658333333333333,6.041666666666667,2.2033333333333336,51.33916666666667,1.53125,Delhi
2025-09-13,15.290416666666664,33.907916666666665,234.1795833333333,0.1670833333333333,7.40125,3.1025,44.00875,1.46125,Delhi
2025-09-14,17.212083333333336,37.72541666666667,211.96916666666667,0.185,5.548333333333333,2.63125,49.59875,1.1654166666666663,Delhi
2025-09-15,18.091666666666665,36.4875,228.32041666666663,0.1725,6.880416666666666,3.1162499999999995,55.13916666666666,1.7616666666666667,Delhi
2025-09-16,18.897916666666667,37.022083333333335,285.4275,0.1987499999999999,10.11,3.5125,43.53958333333333,1.7658333333333334,Delhi
2025-09-17,29.26875,47.54291666666666,373.2975,0.3858333333333333,10.81375,3.419166666666667,45.45249999999999,1.9208333333333332,Delhi
2025-09-18,32.6475,57.1075,382.39875,0.5279166666666667,10.782083333333333,3.254583333333333,47.40083333333333,1.7300000000000002,Delhi
2025-09-19,30.411666666666665,59.713750000000005,369.1254166666667,0.5104166666666666,11.309583333333334,3.470833333333333,48.775416666666665,2.0500000000000003,Delhi
2025-09-20,25.92,64.80666666666666,250.95041666666668,0.1879166666666666,6.934166666666667,3.077916666666667,54.407916666666665,1.835,Delhi
2025-09-21,22.657083333333333,58.43333333333334,217.185,0.2295833333333333,5.702916666666667,3.34625,60.02625,1.4791666666666667,Delhi
2025-09-22,22.832083333333333,53.315,213.8983333333333,0.2291666666666666,5.49625,3.279583333333333,69.25,1.94,Delhi
2025-09-23,21.19,46.40541666666667,234.59291666666664,0.1891666666666666,7.05,3.4154166666666668,65.64916666666666,2.1225,Delhi
2025-09-24,19.382916666666667,44.70583333333334,212.76958333333332,0.1766666666666666,6.34,3.387916666666667,68.07333333333334,2.2245833333333334,Delhi
2025-09-25,21.58666666666667,49.73291666666666,244.27791666666667,0.2116666666666666,8.15625,3.7883333333333336,61.67208333333334,1.9454166666666663,Delhi
2025-09-26,33.775,79.08416666666666,302.43375,0.24625,10.110416666666667,3.9154166666666663,61.49375,2.645833333333333,Delhi
2025-09-27,66.825,91.66875,406.4995833333333,0.2366666666666666,6.114166666666667,1.24875,91.97291666666666,6.425,Delhi
2025-09-28,22.34,26.67875,284.38375,0.0858333333333333,4.370833333333334,1.2820833333333332,72.70291666666667,2.064583333333333,Delhi
2025-09-29,22.637916666666666,29.342916666666667,355.2520833333333,0.1041666666666666,7.65875,1.8108333333333333,66.48416666666667,1.7054166666666666,Delhi
2025-09-30,33.1875,40.1025,407.73291666666665,0.34,7.512083333333333,1.9295833333333332,65.84291666666667,1.615,Delhi
2025-10-01,21.2056,30.4572,469.3164,0.1948,9.9448,2.6596,49.3024,1.5124000000000002,Delhi
2025-10-02,28.159166666666664,37.50875,457.79041666666666,0.4920833333333334,7.638333333333333,2.4679166666666665,65.48625,1.7924999999999998,Delhi
2025-10-03,50.01083333333333,59.2225,544.3616666666667,0.1070833333333333,8.031666666666666,2.04625,79.17999999999999,3.01375,Delhi
2025-10-04,57.76125,71.1725,485.1525,0.1570833333333333,8.383750000000001,3.0850000000000004,78.56375,3.4791666666666665,Delhi
2025-10-05,29.305833333333336,49.177083333333336,327.42541666666665,0.1345833333333333,6.802083333333333,3.1675,72.58125,1.7008333333333334,Delhi
2025-10-06,16.990833333333335,25.527916666666663,262.99625,0.3254166666666667,5.746666666666666,1.8695833333333327,55.27166666666667,1.5041666666666669,Delhi
2025-10-07,17.5075,31.933333333333334,288.2375,0.21125,8.9275,1.9475,52.086666666666666,1.3454166666666667,Delhi
2025-10-08,30.383750000000003,50.32749999999999,407.00125,0.2745833333333333,9.52375,3.108333333333333,65.05375,1.3966666666666667,Delhi
2025-10-09,41.88,61.84,464.7495833333333,0.28375,11.274583333333334,4.1625000000000005,78.25916666666667,3.07,Delhi
2025-10-10,50.37083333333334,88.91333333333334,528.3458333333333,0.3545833333333333,15.902083333333332,5.962083333333333,70.57625,3.4654166666666666,Delhi
2025-10-11,49.01791666666667,73.19125,451.7091666666667,0.3475,9.309583333333334,5.69,85.57208333333334,3.6316666666666655,Delhi
2025-10-12,44.50125,65.63875,424.1508333333333,0.1845833333333333,10.9925,5.584166666666667,79.71875,3.7879166666666655,Delhi
2025-10-13,54.44958333333333,83.09833333333333,541.5741666666667,0.4629166666666666,19.27958333333333,10.135833333333332,74.25,5.0625,Delhi
2025-10-14,68.70833333333333,99.54583333333332,577.59,0.5204166666666666,19.254583333333333,10.016666666666667,82.42333333333333,6.35125,Delhi
2025-10-15,75.85041666666666,103.7375,597.36125,0.4504166666666667,19.973333333333333,10.805416666666666,86.18166666666667,7.119166666666668,Delhi
2025-10-16,68.22833333333334,96.10291666666666,586.30625,0.4366666666666667,21.16541666666667,11.525833333333331,84.76625,5.5125,Delhi
2025-10-17,72.505,102.53083333333332,597.6766666666666,0.6041666666666666,20.840416666666663,12.410000000000002,86.71791666666667,5.848333333333334,Delhi
2025-10-18,80.86625,108.42583333333332,526.5441666666667,0.3429166666666667,13.975416666666666,10.199583333333331,97.27625,6.103750000000001,Delhi
2025-10-19,80.54541666666667,102.1875,492.02583333333337,0.2120833333333333,13.375,8.504583333333334,90.48458333333332,6.083749999999999,Delhi
2025-10-20,94.01291666666668,114.25,584.47,0.3570833333333333,15.530833333333334,5.566666666666666,76.19708333333334,4.8375,Delhi
2025-10-21,106.34625,126.54375,627.1970833333334,0.2529166666666667,16.611666666666668,5.743333333333333,79.92708333333333,5.194166666666667,Delhi
2025-10-22,98.96708333333332,120.37833333333332,607.1533333333333,0.2383333333333333,16.467499999999998,5.277916666666667,85.52791666666667,6.872083333333333,Delhi
2025-10-23,74.14,99.83041666666666,573.7837499999999,0.3504166666666666,15.729583333333332,7.02375,91.10583333333334,6.142083333333333,Delhi
2025-10-24,79.04291666666667,106.8925,599.0075,0.425,18.34875,9.781666666666666,95.73666666666666,6.75125,Delhi
2025-10-25,80.1275,107.69625,548.0116666666667,0.4204166666666666,13.57125,8.303333333333333,96.65333333333332,5.139166666666667,Delhi
2025-10-26,89.30624999999999,110.99208333333333,565.3091666666667,0.1983333333333333,11.966666666666669,5.402916666666666,101.47,6.847916666666666,Delhi
2025-10-27,83.74041666666666,94.2475,500.1570833333333,0.12125,9.6125,1.7154166666666668,102.18333333333334,4.839166666666666,Delhi
2025-10-28,58.83291666666667,66.97625000000001,422.5804166666667,0.0679166666666666,8.793750000000001,1.2145833333333331,88.05458333333333,2.06,Delhi
2025-10-29,141.66791666666668,157.80083333333332,613.7279166666666,0.24125,11.964583333333332,1.0816666666666668,102.43333333333334,9.15,Delhi
2025-10-30,107.17708333333331,115.15291666666668,721.8691666666667,0.1433333333333333,11.828333333333331,0.9566666666666668,76.83208333333333,2.17,Delhi
2025-10-31,60.20666666666667,73.68124999999999,629.4241666666667,0.2145833333333333,17.492916666666666,3.5704166666666666,50.3725,2.158333333333333,Delhi
2025-11-01,57.8252,82.69200000000001,603.7984,0.5216,14.6888,9.7268,62.9536,2.614,Delhi
2025-11-02,60.36041666666667,92.24791666666664,481.1716666666666,0.33625,11.766666666666666,11.470833333333331,77.99583333333332,3.0691666666666664,Delhi
2025-11-03,52.681666666666665,92.97125,450.10833333333335,0.35375,14.482916666666666,10.577083333333333,73.32375,3.54625,Delhi
2025-11-04,55.23583333333334,75.5975,427.7183333333333,0.1458333333333333,13.732916666666668,8.069166666666666,75.35791666666667,3.6220833333333338,Delhi
2025-11-05,58.28666666666667,96.96416666666666,445.85791666666665,0.4804166666666666,10.656666666666666,9.146666666666668,85.42458333333333,3.9625,Delhi
2025-11-06,37.24666666666666,57.13666666666666,386.795,0.2666666666666666,10.650833333333331,9.599583333333332,98.03625,4.89,Delhi
2025-11-07,46.94208333333333,75.435,504.53375,0.31,14.6425,11.1575,89.89333333333333,4.08,Delhi
2025-11-08,68.26208333333334,126.16291666666666,482.7558333333333,0.4620833333333333,13.347499999999998,11.785416666666668,78.83666666666666,4.221666666666667,Delhi
2025-11-09,85.01333333333334,174.56625,500.3708333333333,0.4295833333333334,14.017083333333334,14.815833333333332,81.17999999999999,5.569166666666667,Delhi
2025-11-10,90.26125,180.41208333333336,605.8845833333334,0.5845833333333333,20.75708333333333,15.82875,74.435,5.239583333333333,Delhi
2025-11-11,87.04583333333333,151.32041666666666,618.455,0.5337500000000001,17.89375,12.445,82.27541666666666,4.630833333333333,Delhi
2025-11-12,72.5725,149.63208333333333,494.3808333333333,0.5179166666666667,18.73625,13.138333333333334,72.28083333333333,4.2975,Delhi
2025-11-13,72.02833333333334,130.50625,543.2904166666666,0.5599999999999999,17.915,13.17,73.6525,4.895833333333333,Delhi
2025-11-14,68.13833333333334,111.80333333333331,579.735,0.91875,19.22958333333333,14.8425,74.76,4.526666666666666,Delhi
2025-11-15,60.70208333333333,98.64166666666668,473.1658333333333,0.6845833333333333,13.703333333333331,12.625833333333333,76.70791666666666,4.2058333333333335,Delhi
2025-11-16,52.97291666666666,105.46208333333334,384.13,0.5191666666666667,13.182083333333331,11.6625,72.71416666666667,4.079583333333333,Delhi
2025-11-17,79.98416666666667,146.45125,576.0525,1.0408333333333333,20.096666666666668,15.766666666666666,69.23583333333333,5.8500000000000005,Delhi
2025-11-18,113.26708333333332,161.21958333333333,696.61375,0.6995833333333333,17.5725,13.221666666666666,84.42125,5.8741666666666665,Delhi
2025-11-19,170.49875,201.37583333333336,785.7520833333333,0.6395833333333333,15.358333333333334,10.79125,99.5025,11.482916666666666,Delhi
2025-11-20,176.79875,206.1425,813.4562500000001,0.5683333333333334,17.055416666666666,9.01875,89.89958333333334,7.75875,Delhi
2025-11-21,143.53791666666666,175.7854166666667,772.225,0.27875,19.34208333333333,12.077083333333334,78.32875,5.0616666666666665,Delhi
2025-11-22,116.74166666666666,148.81166666666667,667.5083333333333,0.4083333333333334,16.405833333333334,13.052916666666668,72.56666666666666,3.78625,Delhi
2025-11-23,116.69208333333334,155.20541666666665,640.6391666666667,0.3933333333333333,15.718333333333334,12.600416666666668,71.13833333333334,3.7466666666666666,Delhi
2025-11-24,130.29333333333332,168.54416666666663,726.415,0.6441666666666667,17.773333333333333,9.740416666666668,72.32958333333333,5.277083333333333,Delhi
2025-11-25,118.92708333333331,149.495,712.7629166666667,0.4191666666666666,16.257083333333334,9.470833333333331,82.46041666666666,5.079166666666667,Delhi
2025-11-26,151.6925,192.7470833333333,765.1758333333333,0.46125,18.392083333333336,9.323333333333332,83.99708333333334,7.601666666666667,Delhi
2025-11-27,242.21958333333336,278.93916666666667,1123.8270833333331,0.4295833333333334,19.32583333333333,6.30125,92.505,15.260416666666666,Delhi
2025-11-28,210.62583333333336,238.41666666666663,998.9645833333334,0.2754166666666667,17.4525,6.010833333333333,83.70833333333333,14.127916666666666,Delhi
2025-11-29,107.19458333333334,125.58166666666666,649.5875,0.1662499999999999,11.36,9.179166666666667,83.53833333333334,4.2404166666666665,Delhi
2025-11-30,90.15625,117.16458333333333,570.5616666666666,0.3270833333333333,14.4175,11.109583333333331,67.88666666666667,3.3029166666666665,Delhi
2025-12-01,111.366,143.564,775.5452,0.984,19.408,4.7048000000000005,53.9608,4.0116000000000005,Delhi
2025-12-02,172.27083333333334,204.32625,1002.2258333333332,0.79,15.972499999999998,2.6279166666666667,72.59458333333333,6.15125,Delhi
2025-12-03,109.53583333333334,130.01041666666666,743.9783333333334,0.43875,15.653333333333334,4.558333333333334,84.34083333333334,5.000416666666667,Delhi
2025-12-04,112.04958333333332,147.0775,736.2108333333334,0.3525,19.477916666666665,4.888333333333333,78.10833333333333,6.661666666666666,Delhi
2025-12-05,116.32416666666668,159.53791666666666,789.7954166666667,1.0191666666666668,20.074583333333333,4.739166666666667,71.52916666666667,4.6970833333333335,Delhi
2025-12-06,90.01625,119.705,535.3825,0.3554166666666666,11.707083333333332,3.95,88.64583333333333,6.56,Delhi
2025-12-07,134.29125,187.26,643.7016666666667,0.3783333333333333,13.132916666666668,4.1779166666666665,85.1875,4.263333333333333,Delhi
2025-12-08,153.78041666666667,206.83541666666667,654.64125,0.4191666666666667,11.694166666666668,2.8945833333333333,97.1,5.646249999999999,Delhi
2025-12-09,116.46625,161.5475,634.3866666666667,0.3683333333333333,15.307916666666666,3.9975,79.06333333333333,5.1312500000000005,Delhi
2025-12-10,123.08166666666666,190.5475,679.68875,0.64,21.77958333333333,5.994166666666668,62.29166666666666,5.942083333333334,Delhi
2025-12-11,98.61083333333332,182.8675,671.2629166666667,1.132083333333333,23.100416666666664,6.403333333333333,54.85416666666666,5.594166666666666,Delhi
2025-12-12,149.31,258.6516666666667,827.3137499999999,1.3183333333333331,23.721666666666668,5.8475,58.99583333333333,7.922083333333333,Delhi
2025-12-13,218.45208333333332,285.97583333333336,965.3225,0.8804166666666666,15.517916666666666,3.0108333333333337,67.89416666666666,5.202083333333333,Delhi
2025-12-14,290.21458333333334,324.2558333333333,1072.55,0.23375,12.997916666666669,1.3358333333333334,80.30583333333333,3.484583333333333,Delhi
2025-12-15,223.4008333333333,268.59791666666666,984.0979166666666,0.6925,18.679166666666667,3.5416666666666665,64.18583333333333,3.529166666666667,Delhi
2025-12-16,170.20583333333337,224.79375,729.9016666666666,0.5,15.054166666666667,2.339166666666667,77.86125,5.242916666666667,Delhi
2025-12-17,193.7133333333333,256.00916666666666,811.2458333333334,0.3791666666666666,16.161666666666665,2.848333333333333,82.79791666666667,5.497916666666666,Delhi
2025-12-18,191.38625,238.4283333333333,888.7633333333333,0.6033333333333334,16.41625,3.359583333333333,76.59916666666666,4.595416666666667,Delhi
2025-12-19,184.91375,230.38208333333333,807.5666666666666,0.7183333333333333,18.100416666666668,3.09,74.205,4.225416666666667,Delhi
2025-12-20,178.11791666666667,225.7783333333333,805.4666666666667,0.8633333333333333,15.14375,2.9729166666666664,54.86291666666667,2.775,Delhi
2025-12-21,201.3925,226.69041666666664,909.1916666666666,0.2408333333333333,12.80125,1.555416666666667,50.774166666666666,2.2979166666666666,Delhi
2025-12-22,194.64666666666668,214.95125,904.1025,0.2279166666666666,16.428333333333335,2.5458333333333334,56.84291666666667,2.982083333333333,Delhi
2025-12-23,171.37291666666667,201.91416666666663,852.8675,0.6766666666666666,12.500416666666666,1.7008333333333334,70.06833333333333,3.515416666666667,Delhi
2025-12-24,76.03625,106.36875,644.0120833333334,0.3179166666666667,14.818333333333332,2.936666666666667,64.71583333333334,3.442083333333333,Delhi
2025-12-25,57.196666666666665,83.69208333333333,671.02125,1.1245833333333333,20.094583333333333,5.5304166666666665,52.54958333333334,4.498333333333334,Delhi
2025-12-26,71.58583333333333,92.59708333333332,677.6525,1.23,19.505,4.455416666666667,55.90208333333333,3.7541666666666655,Delhi
2025-12-27,111.21458333333334,134.08541666666667,640.9525,0.4729166666666666,15.241666666666667,3.95875,72.02041666666666,4.47,Delhi
2025-12-28,115.76791666666666,140.76833333333337,644.63125,0.6583333333333333,14.9925,3.7395833333333335,66.71333333333332,4.0025,Delhi
2025-12-29,144.75458333333333,172.10208333333333,853.4304166666667,1.0645833333333334,19.829166666666666,4.762083333333333,62.1675,4.737916666666667,Delhi
2025-12-30,125.55625,148.83625,822.2804166666666,0.395,21.148333333333333,4.9725,54.93083333333333,4.6433333333333335,Delhi
2025-12-31,148.57666666666668,164.2775,806.6975000000001,0.8304166666666667,13.782083333333333,1.9525,62.18,5.299166666666667,Delhi
